x1,x2,x3,x4,x5,x6,y
-1.0,0.7651330755176832,0.6389706660027262,-1.0,1.0,0.2894769158913938,2.0324263096537925
0.47508328831578384,-0.23653866983410177,0.46928692177198145,-1.0,-1.0,-1.0,6.378130780943982
-0.5472811573884773,-0.7358812051148184,-1.0,-0.163141953062092,0.2667982796074102,0.6684218558009509,1.1622302509640599
0.3160998223924021,-0.08144472927824942,1.0,0.5844819449328804,0.7856944892236535,0.6366076648047247,-1.8531022959439833
0.12798284477210609,-0.10840849633927563,-0.055280099638444574,0.45178781201032314,1.0,0.18029835937008848,-0.8372605487374134
0.44805637032941914,1.0,1.0,1.0,0.12669615988796384,-0.24464435372770627,-4.446710363405427
-0.1454245719459344,0.2328205128759313,-1.0,-0.4960301699539919,0.16132272796811914,-0.656154676294245,-0.13593005427446392
-0.45021437126268027,-0.25320402151562416,-1.0,-1.0,0.4728054864270038,-0.7259603071948704,1.3372586670011342
-0.0346176037029986,-0.21368762306815525,-1.0,-1.0,-1.0,-1.0,1.5802181915621971
0.887799931150627,-0.5964840144861837,-0.42436628433084256,-0.564850367756015,0.27279842994923315,-0.7463276775427965,2.0453746167263946
0.08964392770097107,-0.35058913347039206,-0.5868898056850189,-0.6063971972865115,0.3862011956419137,0.18886645777396927,0.4359242647147533
-1.0,0.45237015475784803,-1.0,-0.4979129545870673,1.0,0.04585481049524831,-0.08317754408099182
1.0,1.0,0.5954854294263161,0.6118604652903027,-0.01416085523331323,0.10581053607936342,-0.3372968498400817
-1.0,-1.0,-0.5647959897040069,-0.4367861623399949,-0.7014309614627705,-1.0,1.9721754951063721
-1.0,-1.0,0.7329950023108455,-0.7468620419010318,-0.19939071015317011,-0.8798674096827928,4.8375181660608
-1.0,-1.0,-0.5845685380404084,0.148826868037935,-0.3455393243791144,0.25266565697080645,-2.9843465358240957
0.6455625557277651,-1.0,0.9896389261509057,-1.0,-1.0,-0.0873441685239027,12.067333745447428
0.4312797683924017,0.30658429288584044,1.0,-0.7495216076674227,1.0,1.0,-1.228815893659985
0.04713426888066241,0.36848002196078017,-1.0,0.7284941979966519,1.0,0.3072755836386891,0.031463306663227164
0.34407171870001096,0.37100523428152954,0.39234415788355204,-0.4756249873096501,0.17038928113918184,1.0,2.9473603868187683
1.0,-1.0,-0.9564744825541222,0.5906891647237776,-0.793304890097355,-0.24532358238449792,2.795582517297692
-1.0,0.018703535892304335,-0.21883501660265492,-0.8137622124738433,-0.05292931597706474,-1.0,3.5260196259068177
0.761504570639325,-0.21685578711085474,0.23502109065435395,1.0,0.5913868462670393,1.0,2.3371195019094695
-0.7601033397588515,-0.5034494103668419,-0.31357155909104306,0.14842348206851863,-0.3369843291517677,0.0012005842247995169,-1.146623140869161
-0.5613635026997097,-0.5444456314668988,-1.0,-0.3388127547228931,-0.25862334388084285,0.8021329692804083,3.260811520531826
-0.6758324684712866,-1.0,-0.9320998707862906,-0.8954899701553949,1.0,1.0,0.3725071678302415
0.5770068404578101,-0.4296553894583684,-0.01026970924659687,-0.7830879587583857,0.4809054825284359,-0.17823569194654487,-0.6535227061564337
0.4935479633360692,0.17164113871803688,0.4191543732962442,1.0,-0.376202777604394,-0.0010717031911029462,1.036052115993364
0.48487556828051276,0.30953292258957876,0.26653418726334765,0.0231736376018562,-0.18559591216819782,-0.37168509669139044,-0.3730416086750372
0.17393872069360405,-1.0,-1.0,0.3535535977481612,-0.003746196746191182,-0.7733075624431044,-0.703709754676282
0.9042361849193792,0.9432730842521082,1.0,1.0,1.0,1.0,-9.725787319529939
1.0,0.7962564792204565,-0.3069175005349425,1.0,-1.0,-0.8582107228805048,8.377083483794944
-0.5880790269146752,-1.0,-1.0,-0.9427836749232371,-0.9308198565169306,-0.24829571023846198,-0.7837079282016031
0.2868769721942075,-0.19107405459943383,1.0,0.00023905115595448945,0.7888312029439426,-0.8889907051294579,0.4015198547221272
0.3714892302267573,0.8462001415316549,0.09190296869479403,1.0,-0.4188125082966223,-0.4713251160923575,2.2698399498118564
0.5688708065763521,1.0,1.0,1.0,0.5080204227130449,-1.0,-3.3179157030277295
0.032264878188303536,0.7676187877555386,0.7678349350956568,-0.15341830339720453,0.9392908655426726,0.008456749802282143,-0.8620726208686591
-0.3122225228346187,-0.5381302767449646,-0.5889489701097068,-0.36964919409406405,-1.0,-1.0,0.8932873261928599
0.4913993127396835,-0.9370901599453374,0.5074152464027204,-0.820703729706319,0.5536969602463491,0.8644800032288585,-1.852437079023015
0.06682347993008947,0.06246410529045687,-0.7064275095640618,0.5625520859874146,-1.0,-0.10698446987944199,0.57082613323242
0.5801047425203476,-0.45546240266954413,0.5380926198612532,1.0,-0.05101394121287342,0.2944066426965255,0.3950320934563878
-0.006007917447123923,1.0,-0.0572677357616751,1.0,0.7404467186052796,-0.12010702249440186,0.2695078858869491
1.0,1.0,1.0,0.9295657728078945,-1.0,-1.0,9.20127941916367
-1.0,-1.0,-1.0,-1.0,-0.5491744446349998,-1.0,2.6608085838890783
1.0,1.0,0.04849290401529527,0.7534572503498653,0.4653671767394142,1.0,0.1381952421119229
-0.07148532250076223,-0.5281432618608054,0.2826919110617886,0.03644272537321047,-1.0,-1.0,2.345129177893521
-0.517665762067413,-1.0,-1.0,-1.0,0.7283723020388675,1.0,-0.5046388559445607
-0.14331527038461067,-1.0,-1.0,-0.7182150640472129,-0.6969595342518826,-0.06971734910726035,-1.688294494127251
0.07035127191434154,1.0,1.0,1.0,-1.0,-1.0,1.5937654173580538
-0.638726796543019,-1.0,-1.0,-1.0,-0.08113556359696295,1.0,-1.1164783780760281
0.6179148111290665,-0.7819686475322694,-1.0,-1.0,-1.0,0.2007164741577856,6.449573809637426
0.35305656004519725,0.3382001291717016,-0.9375485364470855,-0.2676738954901288,-0.3073290543533831,-1.0,2.9396321214365453
-0.9983131808671069,-1.0,-0.8653741904595673,-1.0,1.0,0.45636953698075144,-5.343442306058827
1.0,-0.16242208420907123,0.8602217150585649,-0.36196752544383226,1.0,1.0,-6.260610570206681
0.2783567968779552,0.660974362307259,1.0,0.1967922530164774,0.3126315423324124,0.017587096736579877,-1.0083340459759864
-0.9982121203263211,-0.30379927906862014,0.24262023464199556,-1.0,1.0,0.35256918547151705,4.187061740894674
1.0,1.0,0.08675534029108345,1.0,1.0,1.0,0.5833313996531913
-1.0,0.35001512352021635,-0.7704973067782801,-0.28314092477067493,-1.0,-0.5216831879925246,-2.7835251783416215
-0.23082576482830441,0.7997086672621468,-0.796422874366165,-1.0,1.0,1.0,11.351529840974566
1.0,0.2430107195196616,-1.0,0.28194582999481954,0.6251330387916209,1.0,0.452955764726801
0.015065028539829828,1.0,-0.06276114285149154,0.3607930289406769,-0.9789419588134545,0.6280915618003217,1.7445544063536305
1.0,1.0,1.0,0.23712548609434503,1.0,-0.8340924027278156,-3.74834132218796
0.5658806350205985,0.46416247375211306,0.13579446021617858,0.8395938795112996,-0.511787754822941,-0.9218004207317594,4.262411813489925
-0.22831839848030683,-0.9542842355027175,-0.06127191314563815,-1.0,-0.37830688374425625,-0.8558749425902179,4.053760584278578
-0.8785291552729737,-1.0,-1.0,-1.0,-0.5844954936463826,0.1572311207797675,-5.2194390929920855
0.6301640871751615,-0.11403845701537343,-0.4451909504368489,-0.6225248468269736,-1.0,-1.0,4.283235175240196
0.6343988256504594,0.08461348882446607,-0.29520744236728147,-0.5450348800398481,-0.9300750886087914,-0.08533114656986995,2.5739979071136707
0.9251292733722702,-0.34203904550329156,0.028199486164480758,0.9698706945919167,0.4111075262696995,0.21684664537829684,-1.0648219239256815
-0.4332394724408402,1.0,0.280324670097181,0.41204649701511165,0.9077390930521703,-0.5624730406823255,0.4650670696620316
-0.11650154596157664,-0.35996501815537196,-1.0,-0.8475385745722537,-0.2933039711304445,-0.19400272218860568,-1.4898576853685068
0.16371678484706015,-0.052024398100434605,1.0,0.5859081003240655,1.0,1.0,-1.7450920762209472
0.8253594055143408,-0.8701749891325119,-0.20569929785851615,-0.2705472636649907,-0.39260289449023383,0.46621766137288456,0.4516114761926795
-1.0,-0.36802029895953914,-0.036187096739239366,0.6692686827389969,0.6479991995979326,1.0,4.763457853017903
1.0,-0.05364748225067151,0.34507088151611365,0.8738369778040532,1.0,0.8013997554947002,-1.732248866004071
-0.30002516030797705,0.7623375710569471,1.0,0.4707839756894525,0.16584546682349768,1.0,-2.3649932881569926
-0.1046906217493083,-0.09699832897350702,-0.023705174490723402,-0.664117550068808,0.8453146983904745,-0.09369538660462302,-0.07765106989231685
1.0,1.0,1.0,0.8078730106349921,-0.16965222716288123,-0.7552396924698682,1.510407598827425
1.0,0.04081586732351081,-0.9206328610055966,0.556690859720248,-0.7973311821212916,0.2041230293797497,3.342997639481495
-0.12167226502482983,-0.6886991591583085,0.4427750195209565,-0.08555327308809046,1.0,0.2525208117646589,-0.47844698723107776
-1.0,-0.29034337055968806,-0.29980778291377885,-1.0,-0.8828709029805619,-0.1601664548597172,-0.09840484734537533
0.14089529316245214,0.5089078787750121,-0.023565482905144333,0.6440248639034847,-0.12344158237199054,-0.8384536859625031,2.095993372772969
-1.0,-0.5517651038339149,-1.0,0.12632263431655055,0.5979364389506792,1.0,7.4026793303236875
1.0,1.0,1.0,1.0,0.5541451804208128,-0.44779237493821844,-4.450233022578141
1.0,1.0,1.0,1.0,-0.9179425609864864,-1.0,8.222434325134552
-0.4182774938671342,-0.1839888079846954,0.1710242214276595,-0.2179703041382934,1.0,0.7640622110299784,2.5246390114280475
-1.0,-0.5266078114202819,-0.6156076827737404,-0.36439008789859684,0.42436983559208574,0.8988516504565867,2.918530681110685
0.8585860135504564,0.1640149315235766,0.7336525564887715,0.01204935927906825,1.0,0.14454457744466698,-3.2585148510393847
-0.4143603699839391,-1.0,-1.0,-0.48947878834439923,-0.47142759278683727,0.7423609623504757,-1.7886676984487506
-1.0,-0.9454024436480881,-0.20518171374099392,0.12021498888088233,-0.6947559120493739,-1.0,2.090431759816205
0.03111971811411518,0.9514467716920625,0.5621278599801842,0.7325642614544217,0.5863674828212446,0.5431506991960036,-2.2812189383954578
-1.0,-1.0,-1.0,-0.8071871406172273,1.0,0.4367096359670787,-6.231141464174158
-1.0,-1.0,-1.0,-1.0,0.5130145853239856,0.9880279344796226,-2.853634266024876
-0.5540051438635967,-0.5182371090391471,-1.0,1.0,-0.4382841977744536,-1.0,1.0534723257960092
-1.0,0.0875462974670258,-0.5802910811043678,-0.4836365704019698,1.0,1.0,8.334260231733996
0.5802721107668748,-0.17994311840659571,-0.8036257053575702,0.5034159387702384,-0.025812714869179798,-0.008385656966326815,0.04231484844585211
-1.0,-0.12050081874232843,-0.8347020250588536,-1.0,-0.904089953066765,0.0692562984012306,-1.7160602554538895
-0.5553077782843974,-0.5572925408369348,0.5662722010341845,-0.7859917543931292,-1.0,-0.706583507815139,3.0184399175111425
-0.29274118838975,0.518499718889909,0.8500182191453344,-0.33328279752726375,0.3406773284458313,1.0,0.0018029178580100114
-1.0,-1.0,-1.0,-1.0,0.39648564426151045,0.30608628644207736,-6.977776508178863
0.5207447641418719,1.0,-0.6153901812321352,0.7800235928222867,1.0,1.0,4.361548436467553
-0.7629269029018305,-1.0,-1.0,0.6852768514161345,-1.0,-0.2924487234574857,-7.552228277342912
-1.0,-1.0,-0.3432239071090176,-0.28261303211277466,-1.0,-0.3504312019193281,-1.6693785713479339
-0.45590023274278435,-0.5663754199601283,-0.5652752776435629,-0.9442585011262161,0.21356551999060502,0.06808022913304762,-2.1000759004926017
0.09403352132026399,-0.13950286987985883,-0.5803239410627601,-0.0012869988927556864,0.8470574538593223,1.0,4.380898311264907
-0.010101301771190174,0.001676279810758033,0.7886126388708917,-0.14800043739246643,-0.032271979028504205,-1.0,3.349795118946616
1.0,1.0,0.1535369634999959,0.6766605588321628,0.23347954568010462,1.0,0.31598027228403813
-0.6812218349776307,-0.3644190574727588,-0.11679937959075093,-0.8992535663906269,-1.0,-0.12441874244865547,0.3280601795058589
1.0,-0.02071690078437083,-0.7829523483419534,0.3907492261631129,0.6428124690715898,1.0,0.9880672118936782
1.0,0.7620937238622534,0.4170079496575121,-0.09088552989450244,-1.0,1.0,7.004901996967277
1.0,1.0,0.8833720657905751,0.16217683996801402,0.0880208666166026,-1.0,0.34460196273036126
1.0,1.0,1.0,0.6367866721206786,-0.20254591113506792,-0.5073707921775816,0.8300765679843268
0.7932217010949925,1.0,0.24024688029421803,1.0,-0.3973421894468353,0.1690005802188631,1.3833315963039212
-0.09764349406034356,-0.7249405435332219,-0.8762925666338273,-0.6705201577594897,-1.0,-0.033885352198633756,-0.22122748395474012
-1.0,0.25470989798064164,-0.7801293248610209,-0.9858431256073619,-0.5236925462275819,-0.15576962522687732,-2.3618439133901696
-1.0,-0.9074212539346352,-1.0,0.28727718477900527,-1.0,-1.0,-0.2411103877458043
0.6246872834810745,0.5117706267689652,-1.0,-0.7024820149472942,-0.44685803324489326,-0.6629780777708187,0.1608732219986892
1.0,0.4478657044621074,0.16551468274638081,1.0,-0.6448370342689622,-0.3906042752771741,3.5312208324032714
1.0,-0.03547221141809451,1.0,0.27001233996938295,-1.0,-0.36216900039723754,5.937129713579798
0.29490675992508425,1.0,0.37973906260851903,-0.4725407546696618,-1.0,-0.8340368877260135,1.2209304311141032
0.026799501377580914,0.00011195236336569714,-0.10110227739675448,0.5460491811725574,-1.0,-0.18878107578001746,0.2500801481901387
0.42818278089201256,0.10250005543481455,0.37878908596006544,-0.5267962036664307,-1.0,-0.571767684218539,2.509698478307957
-0.9153153113350634,0.8024958520711456,1.0,0.0705149978018691,-0.22364966745596293,-0.6496472628974662,-1.256979361693672
-0.4260259060002345,-0.7272550266834781,-1.0,-1.0,0.03428573894320408,1.0,1.973592901915675
-0.2330850870629879,-0.1988820932096792,-0.2764881530876685,-0.9484626155833586,-0.4874812815880396,-1.0,2.3526861016074703
0.17077174223682273,-0.42204942447564087,0.583387487465231,0.9790829617049595,-0.16856460592130096,0.34319476476255867,-0.10890162293426192
-0.9700701468961384,-0.5433056787302423,-0.18889740884194267,0.5723530887824522,0.5029246774355873,0.2485538168671992,0.9257207352294045
-1.0,-1.0,-0.1286110027405909,-0.4017111628804275,0.8190942410661441,0.05303371820461078,1.7431956633942054
-1.0,-0.7288989552757528,-0.09302861044291655,-1.0,0.07781115842669217,0.8402800035368092,-2.6956603345037564
0.5968011294578135,0.011100672652841537,-0.4725670658751858,0.23049393557060682,-0.14373008194245496,0.8808323858314339,2.810706552359189
1.0,1.0,0.16465843890940368,0.2613163317901897,1.0,-1.0,0.11408020336137852
1.0,1.0,0.5556715045345779,1.0,-1.0,-0.38033740746421346,6.608166097438033
0.4113075276167814,-1.0,-0.4358513233012688,-0.3676352844283597,-0.10153500600517162,-0.5314593147254656,-0.5867439643043028
-0.15696606225598186,-1.0,-0.8248524341261098,-1.0,-0.706590957429961,-0.1347357688711398,0.6190536449247758
0.000276915458999355,-0.3424621613879713,1.0,-0.5532004925562191,-0.129205786143477,-1.0,2.973474042807619
1.0,1.0,0.5634242889995432,0.4679861446117473,0.3578758038172555,-0.3527926198270066,-0.15891145107097393
0.8352402239032902,-0.6584555458013375,0.8670372497508563,0.353358210617952,-1.0,-1.0,8.224649253878441
-1.0,-0.5629785566284007,0.1793141824491672,-0.37143927113644687,0.260781167140391,0.5254463463487038,-0.7168434379031217
-0.8740738674260757,-1.0,0.4712644395564056,-1.0,0.5863542621127403,0.13595831230401045,-0.4825805772788984
0.3399102355235012,1.0,-0.9881650545033995,0.5455718066321126,0.8410086388793374,-0.7866439217955837,0.1728777715204714
0.6290104310068345,-0.22989427873171747,0.2627204151576419,0.07187733238637478,0.933894131883996,-0.8710927236590497,1.1366119187397692
-0.2074274177070859,-1.0,0.8915288130071679,-1.0,0.0014236277015977628,1.0,-2.6815105948583313
-0.801409522082107,0.10252585620439891,1.0,1.0,-0.5347328995886416,-1.0,0.34045557369366924
-0.5366959450087677,0.49429047178718455,0.7174832646869951,1.0,-0.6810807138282015,-0.37248378548104233,-2.1230191846587547
-1.0,-1.0,-1.0,-1.0,-0.47497680845694745,-0.3090447226157671,-5.15674062528001
1.0,1.0,-5.571794546677805e-05,0.8130661368915195,0.0735589921405394,-0.1239100619988171,0.5384495711094374
-0.48727896767097767,-1.0,-0.17597317687172176,-0.614217656311776,-1.0,-0.9336920767298994,3.805540660051132
0.14631275401686739,1.0,0.26293487381343406,0.5574502145791635,0.16653818326642994,1.0,0.9668710965623668
0.6998410576668629,0.017500326265586286,-0.9268640708582718,0.1831614722149199,-1.0,-0.3406634325781769,1.5677141004199804
-0.012742988631815166,0.013891445161685667,0.2172746992909123,0.1876554320420475,1.0,-0.36954561743268277,0.33697918387361403
-0.17766969671469046,-0.9434456226707666,0.10018410695487417,-1.0,-0.8901386388572582,-1.0,7.7488124652219215
0.47490913103658583,1.0,1.0,1.0,1.0,1.0,-7.3654249652048085
0.5589782510060162,1.0,1.0,0.09364764365171963,0.0295260887346655,-0.11408668499211488,-2.2860596401661692
1.0,1.0,-0.5355786624262615,0.813018538403091,-1.0,-1.0,10.894969901600364
-1.0,-1.0,0.47097670322025453,-0.7780725324896408,-1.0,-0.6123560692743533,4.405208928822159
-0.3749514799076491,-1.0,0.08201420684620997,0.09533602252980866,0.8653533967507681,-0.266856429452164,0.9409189266126743
-1.0,-0.456658955719909,-1.0,0.6934472992683551,-1.0,-1.0,0.40411546347263005
-0.9049750736388165,-0.22123711962212234,-1.0,-1.0,1.0,0.48845905240734216,1.2883063136946495
1.0,1.0,0.252890240657506,0.4733820117275005,-0.3772880364926525,-0.22785759764373237,0.8673114744778585
-0.23765299339755244,0.22852003216232808,-1.0,-0.979523336529278,-0.8712586831696236,-1.0,-0.6948585003370575
-0.48779782804096355,0.7285704847679615,1.0,0.7242711745715671,0.03524627140172176,0.011966765297404591,-2.350801317277715
-1.0,0.691195603451679,-0.668133867438032,-0.7565634490496386,1.0,1.0,11.142551717626265
1.0,0.2260159812689928,0.5573466147117145,0.9643488531840172,-1.0,0.14481827228935307,3.7749909704666322
0.4835522002604443,0.1383465865318091,-1.0,0.37966700799274544,-1.0,0.06771813495775425,1.1837251784905496
-1.0,-1.0,-0.5767741258941526,-1.0,1.0,-0.5997696720893964,0.3070750378577878
-0.5747447415648357,0.5808394860660363,0.2964226242445538,1.0,-0.2066055044864215,0.7308126212868022,-1.1602428286120183
-0.8099981729754414,-0.018255806665116836,-0.4055759829513139,-0.4472919702670293,-0.6078404249696612,-1.0,0.4622105123157833
-1.0,-0.6336900641144139,0.21080336033321945,-0.5885894692383402,0.6034013908681495,1.0,0.6874838386612112
1.0,1.0,0.4707204307695543,0.5714306690868991,-1.0,-0.2771269967525205,3.703549436825654
-1.0,-1.0,-0.41286385433080364,-1.0,0.06129263440885918,0.08666721493805474,-2.4527577375217233
-0.08986838156526578,-0.22972472788596682,-0.20017155803060283,1.0,0.8056359451340458,0.5437309937644514,1.9297976379828001
-1.0,-1.0,-1.0,-1.0,-0.4248644953484028,0.7999045809737859,-2.9853781957841843
-0.1966018797540766,-1.0,-0.5102478605953431,-1.0,0.9108919165205569,0.325257695029857,-1.5415621716449863
0.15645159568194061,0.44668387111707625,0.3838546576925186,-0.18892370446005935,0.3925777444645626,-0.3063653391445115,-0.30101248762605215
-0.2575621495747802,-0.3103741542187659,-1.0,-1.0,-1.0,0.4419230762814737,0.8499682052385661
-0.9014213025460802,-0.46636385906028877,-0.6088517442584016,-0.02382250291341892,0.3935172315516293,-0.536960130867626,1.3018398840256857
0.40907115000706357,-1.0,-0.20159790546309692,-0.35790080031896065,1.0,-1.0,2.3359121969063055
-0.1450469537854271,0.5715445007204141,0.5078217556834985,0.32386706006464294,-1.0,0.6877214965486349,0.23892517898509205
-0.8661385357144347,0.24582804101351685,-0.1523320033547803,-0.11822218413461316,-1.0,-0.7648471886390791,-2.061524365342906
-1.0,-0.6568037199208403,-1.0,-0.7344304641870192,0.8683114613162238,0.5672516394450392,-2.223089425818607
1.0,1.0,0.5727868392969971,1.0,1.0,-1.0,-1.067671401430688
1.0,1.0,0.7061237719085602,0.7542436917921251,-0.07865140909367085,0.6841001431136624,-1.8836496531716496
-0.3880831809153946,0.11295074024959426,1.0,1.0,-0.36788322753687863,0.23662377646015353,-2.7044132484148142
-0.9135285280117409,-1.0,-0.3490291379867452,-1.0,-0.9228527560678185,-0.6410126733099732,2.537435689438462
-0.7236155868167179,0.637283077807883,0.9552303793965519,1.0,0.6952732953943618,-0.03839760757072733,-2.546192411568779
1.0,0.6632494589733262,0.8313249113476506,1.0,-0.797506006193512,-0.06045260354746562,3.4781039860855003
-0.05359549660835161,-0.025954552540072534,1.0,1.0,-0.7596131603235569,0.3406346475320948,-2.3298687367237134
-0.10392982359685099,0.2854638830314342,-0.8271034674566639,-0.23754984545659497,-1.0,-0.6487852723343094,-1.2995518358458749
-0.1265189432183002,-0.8588580741289189,-0.4581988069263505,-0.9834420441775849,-0.12318087618754836,1.0,1.766758781203287
1.0,1.0,0.7991753921186847,0.9042289360547687,-1.0,0.21668513787311464,3.442272496130504
1.0,1.0,1.0,0.054666565114628085,-0.6630724202190151,-0.5177669972906345,1.3804081582482854
0.5358254399975075,1.0,0.44071687287782857,0.5099838667063042,-0.09681347596207612,-0.9372087703810966,2.784784419521551
0.9409028812703368,1.0,0.23207836514825453,0.9296574136878957,0.3878433470477293,-0.08774120378313266,-1.7657173695660964
0.32847237635535825,0.3706914859027946,-0.1982645371060829,-0.5977300677580576,-1.0,-0.13076644466622978,0.7590773740104959
0.10285950391257792,0.3313195426611003,0.3173168978443356,0.08729535791458198,-0.24640607385867652,-1.0,3.1581610976018344
-0.011554041318503017,0.009851856607020926,-0.3497962932109359,-0.3595637402883278,1.0,0.9137825294137703,3.633829153587945
0.1740303812564144,1.0,1.0,-0.8239396466534739,-0.2990391638524214,-0.5640442887627153,-3.577233957961531
1.0,0.6060689915320983,0.6531244347428993,0.659083929276447,-0.5955154052388092,-1.0,7.44088187096328
0.08783595269614175,1.0,0.7993330614062707,0.9896925238169811,-0.1760307863308157,-1.0,1.5908837311522113
0.8287085999194092,1.0,1.0,1.0,-0.14859683992105188,0.28416268498569686,-1.9245257295935567
-0.5158750916892333,-0.22913497431411722,-1.0,0.24623745826459478,-1.0,-0.15586117281759604,-2.1228036862252955
0.9632824633295807,1.0,0.8252542745701306,0.0023885180221763225,-0.6613328109149047,0.06664869955021269,0.2412167254180306
0.06909511112612343,1.0,0.1227588635330289,1.0,-0.28267904336893496,-0.6166181808947693,2.120894331775392
0.5652425126666858,0.04165152930034677,1.0,0.3720084934372343,0.19745521608196762,-0.817944163100619,1.517554924467941
0.6902195299509682,-0.7930447686556809,-0.7968920135278295,0.10444920989664169,-1.0,0.14946601803038573,2.229762976282915
-1.0,-1.0,-0.8392178383337325,-0.5105242119792064,0.6203780377461995,-0.9538602499785954,3.158455223409301
-0.40845573251087985,0.1887175018189429,0.8945544728518362,-0.929815187871027,0.7200469789155368,-0.6859260320324887,1.3318651055207007
1.0,-0.15744994917713168,0.523082729664242,0.0035164459514659963,-0.10150043792402996,-0.3326805846142402,1.317224438657398
-1.0,-1.0,-0.6652880435467394,-0.16378959536915394,1.0,0.5374801077653093,-0.9967046927228839
0.05596737492110848,0.8194917572137251,-0.40289545679941124,0.781137333049015,1.0,0.3943913957767027,0.18202837724396637
-0.3312117431709013,0.7362965974297404,0.034524344275093655,0.5224774716162462,1.0,1.0,6.566543693095328
1.0,-0.49301613801867594,1.0,0.9398025946683559,0.9434312492547096,0.09879522789364305,-4.345555107023074
-1.0,-1.0,-1.0,1.0,1.0,-0.6792131406013887,-4.78376733266532
1.0,1.0,0.37416020186546994,1.0,1.0,0.7053741511390534,-4.3420838761587115
0.04454488198284867,0.9885884465233663,0.4090926940001194,0.4174072081772402,1.0,0.29482811827914923,-0.2811350691640728
-1.0,-1.0,0.8061792985751393,0.2257000337724251,-0.5226860320540194,-0.20713625430119598,0.9590086793860283
-0.9871714895459887,-1.0,-0.701576434912242,-1.0,-1.0,0.6437324557327829,-0.8605580086261476
0.4556599136403638,0.2752018139088017,-0.0012266286985835595,-1.0,0.2581049862531785,-1.0,3.00345075123672
-0.3452778268404436,-0.7771424351335191,-0.7160436239520921,-1.0,-0.049150482242144244,-0.41908427865705544,-1.4422259861485096
1.0,0.1339200533534569,0.030483238496255116,0.39130424598042096,-1.0,-0.6351356148273537,5.435783816832376
-1.0,-0.6586694933860464,-0.8927010305982432,-0.12827840230789478,1.0,-0.19919430264558574,-1.4758139828188355
0.03406200382162683,1.0,0.6261744550787443,0.6645313024912247,1.0,1.0,-0.5152840099902938
-0.7136995351232766,1.0,1.0,0.3370446336563616,-0.06202809735952752,-0.055556154491693044,-3.577432730016045
0.4539291018135357,1.0,0.18252092340336273,-0.4123990991469073,-0.9273323731309646,-1.0,2.770128675928653
-1.0,-0.9844690880339915,0.0033109566234455767,-1.0,-1.0,-1.0,5.6662277243844175
0.6656478728369564,0.8100956541494608,0.25157836666344524,0.151947777044113,0.3351765824994905,0.012946888277069496,-0.19857868319620608
0.3424180183506804,1.0,1.0,1.0,-0.09610543777754788,0.6922517127224915,-4.65153245041483
1.0,1.0,1.0,1.0,1.0,1.0,-9.879029593547266
-0.5583399338969757,-1.0,-0.2965462323528878,-0.6400121008181645,-0.03539401117513796,-0.08569144078630231,-0.6112961758789793
-1.0,-0.08037540687013223,-0.085536807207508,-1.0,0.037777643175309406,-0.6448360394677551,0.4710372015647022
-0.4801082338234003,-1.0,0.2693284216021089,-0.959753918213934,-1.0,-0.017216529796141522,4.3075828051436975
-0.5125344220250327,-0.7401777568511339,-0.6524422152346383,-0.64680553586123,-1.0,-0.08740641991019249,-1.3792881764176788
1.0,1.0,0.25525824419778576,0.1574662599749941,-0.1473935618067681,-1.0,2.5307278998402944
-0.08966782755061264,0.3062232892346546,-1.0,-0.1618143788006023,-0.3362798716103619,-0.07812227055463172,0.12938085861380022
-0.858290672813565,-0.8102685421476874,0.8040275961740735,-0.775574526203808,1.0,1.0,-0.8092854462378504
0.1272133196321401,-0.0654761933772353,-0.9721229722012203,-0.3157347667245518,0.24625387331336684,1.0,5.942713542676817
-0.891859947022327,-1.0,-1.0,-1.0,1.0,-0.07226954464647795,-7.437277874576479
-1.0,-0.7421193048410621,0.5131798744041114,-1.0,-0.00019367838809258853,0.6663113081198698,-1.8720476914237232
-1.0,0.12621279880402675,0.5624830613523539,-0.14494440824748778,-1.0,-1.0,-1.541146376124206
-0.13170676374006485,0.9643069547755622,1.0,-0.9908014321762137,0.3646973625747305,-1.0,-4.793709197868636
-0.6406799394529357,-0.40711837964974085,-1.0,-1.0,-0.8901809812656565,-0.08935933811244096,-1.0880566997573589
1.0,1.0,1.0,0.18357737960471376,1.0,-0.36349181660690544,-4.318383980719745
-0.2987126094736794,0.31598753270300106,-0.474562845400196,-1.0,-1.0,-0.2115537098135476,0.4671063531547319
0.9719843541832605,0.6201692219298689,-1.0,-0.2580811667014855,-1.0,-0.5538981362803876,4.605442118397763
-1.0,-1.0,-0.23318800047669797,-1.0,-0.8931345532166776,-0.07026993829124523,0.5943807220335187
-1.0,-0.7936418756979755,1.0,-0.6777351246021031,0.31791571007003977,-0.4135296332406161,2.467616047743154
-0.08449678832311425,0.8655232255253327,0.29878965598482554,0.5273756598224953,-1.0,1.0,2.7428866830120864
0.0015672870838085995,0.9346067580168351,0.585069196872694,1.0,-0.4414152612483139,-0.29569966980371754,0.7386839126485841
-1.0,-1.0,1.0,-0.9106493180187969,-0.07660671309120581,-1.0,6.785199720554294
-0.6655439099139924,0.1064380347847867,-0.463272638679331,-0.1032583268699454,0.346259944143154,0.8121897988994999,2.6860388993898763
-0.3941224851937388,-0.12425262389293357,-0.4167784223751081,-1.0,-0.47362694371002834,-0.8299625081041293,0.3585105140535405
1.0,0.24491581719347044,0.867971883527088,0.719102935226721,-0.6500161269946868,0.6464549053814542,2.062147318193604
-1.0,-1.0,-0.49796938304222493,-0.5024018286131777,-1.0,-0.4829655974381801,-0.59015797152467
0.7934763448433491,1.0,0.49346369270043766,0.2200868475944293,-0.25048335537850375,0.09250220613914673,-0.6958470462677471
-0.12319959028182115,1.0,-0.9491149967944517,0.5422988368033894,0.39444530502054465,-0.24353778344859378,1.8709567341980204
0.8690863304715908,1.0,0.6858867743992945,0.5110178678780768,-0.1479604069052427,-0.652992936672044,1.158990828656603
0.24440776581664092,-0.5036600750249701,0.5811859655136373,-0.9014632060899467,0.7519469244936476,-0.6256762599557966,2.2790599045869566
-0.11432610760440176,-1.0,0.7867133910744976,-0.07433321468961901,0.3606134552249085,0.8711983538125334,0.8749786381978607
-1.0,-0.513245175378084,-0.18776496597939285,-1.0,-0.9300954572229988,-0.8317986204777557,2.226598702785089
0.6394656449258802,0.16490401810747501,0.23870907034348443,0.773672368893433,0.8190142222535854,0.6141205501196407,-1.0442304705476662
1.0,-0.06900646394735332,0.11327000443010793,0.8978073781849689,-0.7278096850476558,-0.8852780925986384,7.0114373000121475
-0.41270491760226263,-0.3506466540653411,-0.6184226197962592,-0.9851482342371128,-0.6492182009752641,-0.9761326076710621,2.065224834935303
-0.6131546902516699,-0.8557024463588855,0.5451292951488487,-0.8642815555257934,1.0,0.07041560963704463,1.4507809247010046
0.0097900322800063,1.0,1.0,0.7462187423119031,-0.5973532979087715,0.446940631400165,-3.2300103224674084
-0.5120087724066913,-1.0,-1.0,-0.4495187464011263,1.0,1.0,2.461819179501153
0.5504752634185426,-0.24234353734448633,-0.027320738713769388,-0.5215578243613954,-0.6368628790656149,0.7216225437459434,2.9384182085871418
-1.0,-1.0,-0.5223061845801508,-0.49879316902606674,-0.08924008095292701,-0.24942937854154046,-0.986091926066144
-1.0,-0.35979562804281173,-0.28186591751802825,-0.5772491372011535,0.023605662623474022,0.3029535605476279,-0.13751661649920982
-0.9211524065678495,0.5327000284962099,-0.44107858231864444,-0.32572978513464523,-1.0,-0.6616524076728761,-2.2722388206628548
-1.0,-0.03183012908725538,-0.26038238761011767,-1.0,0.04663174369408668,-1.0,3.7448800721237223
-0.05931366531669957,0.7071512211505184,-0.43142149280528075,0.5171178124039335,-0.1263100010087859,0.3532913905747926,0.46162447933425627
-0.2157766608593416,-0.033041575107222776,-0.6991765492575392,-0.9540703458098261,-0.4352078817538073,-1.0,2.092276643211437
-0.5019162869400764,-0.12653861718236634,0.5626167668034655,-0.2117194240207919,1.0,1.0,2.9880226513520403
-0.39341509809773056,0.6384183847610767,-0.9483289575274991,0.02811029069971238,0.4926990894469377,0.0008936859017122378,1.6382411242080568
-0.9847444052339416,0.214120619097679,-0.689967151946621,1.0,0.21715998349618998,0.0860448959537106,0.8320061620018269
-0.4084170745437427,0.6271062917103747,0.03151657146826353,1.0,-0.6184010279033922,-0.3591964360716833,0.5852971464363217
-0.8771755927938625,-0.066335512750537,1.0,-1.0,-0.6311487580096972,-0.356527336156537,-0.9322291061906504
-0.15456180433145317,0.06397204452542915,-0.5765599749073739,-1.0,0.6420715828354582,1.0,5.388237633873739
-0.9906534639646127,-0.43714489884390795,-0.5714088417251999,-1.0,1.0,0.4256477202809503,1.3082398238579602
-0.4509723747875376,0.13735671288076112,-1.0,-0.09842430832618088,0.8378688591092915,0.8965050102187853,6.777991925070911
-1.0,0.6387947556268704,-0.9635207739047873,0.35694753819412744,-0.2188623368091294,0.3028601411427647,0.5618406461579697
0.7699788863844454,-0.4365973149658032,1.0,0.5235472443649295,-1.0,-1.0,5.078250108685296
1.0,1.0,0.8072971114233258,1.0,-0.2202417783506828,0.8616566735148309,-0.5310366100820013
0.08699823162452835,0.8088965532942505,0.11829606692080485,0.5378458283089056,-0.011248357677357657,-1.0,2.468269330027468
1.0,1.0,1.0,-0.13351845502528903,-0.35402613159628193,-0.027095152173855205,-1.1474669108918485
0.28826856915502264,0.36842938417710985,-0.25128927088872177,-1.0,0.1584490890166721,0.2697613679710953,0.532224017752192
-1.0,-1.0,-0.6022771805569714,-0.0401569167920095,0.4987549010634016,-0.17842314015542424,-0.30705145952301494
1.0,0.0741686552311751,1.0,1.0,-0.45997730480035837,0.4784312419736777,-0.650780380199363
-0.25297298280256186,-0.27706827425756286,0.3135342319060744,1.0,-0.501131614470523,1.0,1.2134133625692605
-0.97574641916168,-1.0,-0.05444950086954997,0.048208222582263704,-1.0,-0.5927024246154813,-0.1271111812914855
-0.2905506431315692,0.05832801114450928,-0.8129448832327373,-0.2783279531154742,-0.2345088638393409,-0.5098290001657,-0.1863840008768382
-0.08608172619667315,0.5108687813043944,1.0,-0.43939662995204914,-0.42338161813389064,-0.4487161834004959,0.07327614982840353
0.7691689432175886,0.34510732051382714,-0.6775177064803917,0.6609579378584864,-1.0,-1.0,4.280055980237619
0.4135293484003626,0.3580803357560942,0.6568944089495162,1.0,1.0,0.17216561145703363,-1.8055951431030584
-0.09570054599818834,0.050750664586576955,-0.4723656314883579,-0.3837304387408794,0.7992217376628856,1.0,5.808539638297914
-0.6728430913396224,0.9195395753965144,1.0,0.7406248406261287,1.0,1.0,-3.049466231733341
-1.0,-0.4658470643388781,-1.0,-1.0,-0.9597687739579228,-1.0,3.548232889258213
0.19921656507077112,1.0,0.9810155972910534,1.0,0.634486938144264,-1.0,-4.916663334071032
-0.09281549335879574,-0.3185407292038982,-0.4678862153299032,-0.04887336024820749,0.3916978125140496,-1.0,2.4556885713920256
0.28868453468792055,1.0,0.27667580947613324,1.0,-0.180755582037093,-1.0,4.023973138773535
0.4426814251981688,0.706199419301653,0.31199720625106575,0.34505026858018983,-1.0,-1.0,4.307733937762228
0.3532390761223479,1.0,1.0,0.9333254994727294,-0.5894246482563015,-1.0,2.1142487556278184
0.7990229909277862,-0.011189089914659278,0.6900238885566483,0.5487142184624191,-1.0,-1.0,7.032774547739323
-1.0,-1.0,-1.0,-0.8996381904061299,1.0,1.0,-0.9785961079591743
0.16173828799821233,0.9729582389143274,1.0,1.0,-1.0,0.5481467746671076,-2.0822583805402974
-0.16003482071590558,0.12312662830074556,0.4212016325597072,-0.2347718229135565,-0.7638688375330172,-0.6057282151016528,1.2435895476332448
-0.22162599556714768,1.0,0.13802476100346162,-0.3951549077211027,0.6673567304907033,-0.28898151260802685,-0.504519350480068
0.6168863008012921,0.9143434650627359,-0.7433609736047462,0.9349091848205421,0.576639460167366,-0.5111321921604731,-2.1033426212456874
0.4211777489486288,0.4513356712467349,1.0,1.0,-0.4555919157288759,0.6979927516744693,-1.6276472405532818
-0.03525240109540258,-0.02923894648632032,-0.6351560333375345,0.35283370073133297,0.06322571990472925,1.0,4.6530392955700925
-1.0,0.5322210818811306,0.6020199411741813,-0.43973551449865617,1.0,0.34058931180634877,2.798174595066583
-0.5912343217496244,-0.4918635877015894,-0.6874863051773201,-1.0,-1.0,-1.0,3.0705444526843917
-0.5506288971953619,-0.8170273174866637,-1.0,0.3155653694919533,0.9201612482579892,-0.07254483778208454,-2.0686265642346564
-0.04116564748832824,-0.6095426428101096,0.35493460669376237,-0.5408033059826332,-0.7639860789983394,-1.0,4.572286406938696
0.9219362772154869,1.0,0.7065272869273531,0.8141639224289678,1.0,0.703338620341954,-5.515036817964038
1.0,-0.07051404947591855,0.8958945995689735,0.9886997393079803,0.28124390385007075,0.9268418546916736,-3.1989365613523524
0.23615650427396062,1.0,1.0,1.0,-0.9426595640928876,-0.29371625105314525,0.8197895460797495
0.3938413199739212,-0.5678994269715035,0.29805370301004985,-0.6814188953407155,-0.7337586396377664,0.8161344558215825,3.5472219460664807
0.04880178921270073,0.06489152724299727,-0.9290875035808336,-0.08748674536256257,0.018236289815426465,0.506432198673143,1.8819742029101991
-1.0,-0.2768849136701539,-1.0,-1.0,-0.44380169248858836,-1.0,4.098696357603659
1.0,0.3240962978995505,1.0,1.0,1.0,0.8019653089144555,-6.845445651437778
-1.0,0.6129608377282636,-1.0,-0.47083324500451784,-1.0,-0.5407130471274133,-1.5069564281734553
-0.00357692178833402,1.0,1.0,-0.36231782218973835,0.3256907682469321,1.0,-1.6090613473377733
-1.0,-1.0,0.06327210974270585,-0.954052989982428,1.0,1.0,2.078112464109174
-0.9556214844944659,-0.5941822667324734,-1.0,-1.0,1.0,-0.7448775435689629,1.6963096965255366
-0.5940648127781787,-1.0,-1.0,-0.7721320895199146,0.28175862565105037,0.07835916055566841,-4.8707588770844845
0.30391264635573667,-0.5218032086203169,-0.12251416362952008,-1.0,-0.550125229975259,0.26512668382186916,1.2737264572282914
-1.0,-1.0,0.09295699943444097,-0.8699054292170543,-0.5367570289202439,-0.45531513820656044,0.6115296455580781
-1.0,-0.257649081710267,-1.0,-1.0,-0.15910122838186536,-0.977931509457993,5.480794235796436
-1.0,-0.49726071129609783,-1.0,-0.5854435590250155,1.0,0.9201884777188589,4.980536172702658
-0.35173862675103873,-0.15532106270142232,-0.5492584945104865,-1.0,-0.1277326206198489,0.6188519537253346,0.6504587285557742
-0.13276216914844963,0.2879001423576107,-0.24268721538083504,-1.0,-0.8646146960750253,-1.0,1.8896900826564795
1.0,0.9012846409684172,0.959600136199231,1.0,0.37800723939232617,0.6231047624891262,-6.002107165632106
1.0,0.7870177683753481,0.7405923450462503,0.5400704740075453,1.0,-0.0950268411074442,-3.845297918733847
-0.6770701488638291,-0.015814518101592838,0.2644397138126584,0.11376301166741976,-0.2706762397771758,-1.0,3.2931064248774597
0.5697676445466304,-1.0,-1.0,-0.2276909198955488,0.7468814446089602,0.8774535870743148,-2.317568484798815
-1.0,-0.342291995640023,-1.0,-1.0,1.0,0.5599158599067944,0.8631857914824805
1.0,1.0,-0.08589887950754083,0.8448689241054723,1.0,0.6439159459716219,-1.1828909366770892
-0.25275286409096337,-0.5225261351511232,-1.0,0.6495406735636131,0.09340544916301911,1.0,6.88173687044945
1.0,0.04225743146020511,0.7978503835984865,1.0,-0.8232657944804637,0.10566907149035976,3.309702488935622
0.7963410872958953,0.5814133437774014,0.6868564699522167,1.0,0.02699240622114446,1.0,-0.07503896924796583
0.5570445949830558,1.0,0.523308804136613,0.8067543113248121,1.0,-0.2591997436434674,-2.7150364657227293
0.5311690066987912,0.897596795931493,-1.0,-0.23201184244250778,-1.0,0.2750766260953631,3.7241883763156443
-0.9382507472959767,0.41850355963540253,-0.31425106931056024,0.6418270718916861,-0.2819880450616812,-1.0,2.5473946279966895
-0.5638695880316791,0.1557615107304805,0.5197022346913924,0.3205017193953475,0.7004850144820158,1.0,3.0771016758416825
-0.49293849725935734,-0.8762198632904441,-0.055216195157527403,0.8133804440435892,0.511786132917955,0.5819249328486668,1.1333366564960927
0.44572014074384897,-0.048719276055286836,0.42772623756403744,1.0,1.0,-0.08260372776110593,-0.16891422141734824
-0.3830030244373313,-0.0691280870080051,0.2024010174337869,-0.5120780761100717,0.8273757254222408,-0.4808759064760677,1.9293097874912415
1.0,0.2820981206587865,0.40151649571886394,1.0,0.3989661668300887,0.7687240946051163,-0.1345731307552177
1.0,-0.3604557998222717,0.8520747920662575,1.0,-0.8879832664977916,-0.6742535275172489,6.365683361030799
1.0,0.11144942929864232,-0.5138627901259668,-1.0,0.4825066374487086,1.0,1.3863793676044573
-0.8274221029114178,-0.018711251187980338,-1.0,-1.0,0.7189845862697397,1.0,7.607299445760978
-0.7937654148913336,-0.2706236187501731,1.0,1.0,1.0,1.0,-1.0660810406373207
0.10216556589995995,0.1836116698041661,-1.0,-0.29694252135729027,-0.0945172873752087,-0.061131275104883254,-0.4998111521882058
0.5057910210017671,1.0,0.9940614547758257,1.0,-0.5622369823602341,-1.0,3.5698197081487684
0.6749237200809717,0.5154902316074383,-0.01567771641098925,-0.3797080503737758,0.10722511519607325,0.25989717546914753,0.1310185065764471
1.0,-0.32759092944066026,0.20676567583491395,-0.15514603773488028,-0.6122087050669358,-1.0,6.865287486506723
0.5350034322935059,-0.22487763560163804,0.5761306955607775,1.0,0.009855775278366563,0.0029753181121063843,0.0788236788763289
1.0,0.30645057391042396,1.0,1.0,0.20472340449400686,0.869612159088794,-3.9790544429049617
0.27001276316894407,-1.0,1.0,-0.25786709930949014,-1.0,-1.0,7.352784963176221
0.4311098753894962,1.0,1.0,0.6600521424926802,0.6299603770021975,0.3725873725928517,-4.9877252619669585
1.0,1.0,0.07792469688231196,0.6325951624069489,0.7777198693745853,1.0,-0.07020646353980631
1.0,1.0,0.5018258348736526,0.48690603469330906,1.0,0.03570120602454719,-3.703041304927968
-0.4928659739542869,0.042040354109317724,-0.29557705182604543,-1.0,-1.0,-0.8710853245567617,0.4867959053077131
0.41873607080249364,1.0,1.0,0.0020246095792741947,0.47284212113823143,0.9412198875462197,-3.536860685265614
-0.23609192620615715,-1.0,-0.8197272522143648,-0.35510265381192285,0.3333828842911421,-0.2293166315627173,-3.423113742550269
0.3080163272461237,0.9296793724664134,0.4641234827184173,0.048273017574503335,-1.0,-1.0,1.825457014202212
1.0,0.25163942133231565,0.1548174726266136,1.0,-0.30869739644239225,-0.9775499091932673,6.524983669920905
1.0,1.0,0.13539371200488004,0.6611815344321339,0.06613137610617037,-0.606672161018865,1.5916091741367657
-0.09244621038526873,-0.22003473240076332,-1.0,-0.29573069413967734,0.45779071643873737,-0.8114107812528301,2.2205452668070143
1.0,-0.48891528749450996,0.6028663048060567,-1.0,-1.0,-0.40346747791450466,7.579945138552214
-0.6599174866603126,1.0,0.02767328731834362,-0.24421241932806226,-0.1223180127877157,0.6176184942862867,1.1534511746234195
1.0,-0.3101918306702076,0.695724419020537,0.05635474324309278,-0.26513087480148895,-0.21274445784545862,2.171424583839608
0.12132785708249749,-0.8883614969714444,-1.0,0.07823906216655724,0.35912747656731736,0.8858931679895146,2.288194013296335
0.5656125686550517,0.7517096841277854,0.7442847792806669,0.4331197363796876,-0.09092523202775038,-0.27144915011308335,0.40281556921793193
-0.6377939399403976,-0.15158780141395,0.0984142124049433,0.5163954160137225,0.896177232861953,1.0,4.840355579739959
0.09333352375991233,-1.0,-1.0,0.34489744376322934,0.3652074622892547,-0.4727583312759222,-2.4967277478184675
-0.1212847014182068,-1.0,-0.2883858912870394,-1.0,-1.0,0.2582334319261056,3.645834536125806
-0.4809492187745417,-0.2540648699318679,0.10881778368806908,0.7160041853664725,-1.0,-0.08890706475318266,-1.1401874134248162
-0.7304486936293892,0.3345246108004823,1.0,0.28400694134416077,1.0,0.28223764379931526,-1.6440396069569125
0.04524043557573809,-0.8612361069249173,-0.8004181846102343,-0.9335353027095736,1.0,0.4506237021814185,-3.855752727402087
0.16175675955639474,-0.7521653448707388,0.4894245663818039,-0.8641290538324452,-0.17104920540655372,0.64883182761785,0.5649615915514926
-0.016861938735395127,0.143319844584359,0.0656141456500301,0.052850623124179014,-0.7581008871804431,-1.0,1.5089569381346322
0.3280815642923106,-0.5760448947641267,-0.3478046156365079,-0.879287680110723,-1.0,-1.0,6.653697196369222
0.9373363866216544,-0.5005865856432956,1.0,0.08031077222258914,-0.5481806990900403,0.18495478858530906,3.557362605282939
0.1627814866551497,-0.786483900708876,-0.20967336478690912,-0.570578541714153,-0.8778633997797061,0.4128921184493094,1.8181254571363616
-1.0,0.2665541523665561,-1.0,-0.6884186634143734,1.0,1.0,9.413363090094075
1.0,0.5369231058070173,1.0,1.0,-1.0,-0.10192436609504396,4.402007205194215
0.0809812477754181,1.0,-0.5416050413186216,-0.7315977962343482,-0.6218745602890993,-0.39139268666422167,1.8537034566827857
0.3321216572682473,1.0,1.0,0.14454376615626763,0.27361894102735096,0.6770987130825731,-3.028840705496332
-0.03914089254425723,-0.14840370243277734,-1.0,-1.0,-0.5805449185528943,-0.8696975962219196,1.9113193036320486
0.5174036429158002,-1.0,1.0,-0.014729918858095877,0.7173400848155409,0.20850757472672,-0.8852840557401058
0.49997502741240263,-0.1442014837644588,1.0,1.0,0.09778796091365449,-0.047136405144679094,-2.3073738163698594
0.5409947835170859,1.0,0.5298922242789856,0.039152848908392435,1.0,1.0,1.1127004424319622
-0.8643194094931913,-0.7641493010943674,0.5607190309345256,0.18319739539192087,0.6702645834596037,0.8981591607380575,1.6918792830128722
-1.0,-0.8377142683532215,-0.8411403667815089,-1.0,0.10562964212914638,0.4895340430721853,-4.266103105222306
0.23493733006588796,-0.29604933799493527,-0.5080975510438507,-0.3278478274712978,-0.6860643390143162,-0.5897136826947933,1.207206140108555
-0.5843172496996594,-1.0,-1.0,-1.0,0.804742112056446,0.2425389672254132,-6.698502487519132
0.5662449989371865,0.02988177833768091,-0.0840324730202962,0.10142852672609765,0.907735530485005,-0.7361118762307584,0.004145112668802076
-0.4960947845297063,0.5285008484186098,0.5513719792733912,0.6632625366289859,-0.934154380834621,0.235082360368986,-0.7659192431604993
-0.5674912011767452,1.0,0.9004370178973546,0.6292694668732763,0.03551406872314064,-0.2930289867158789,-1.7257465127824099
-1.0,-0.9670608470744522,-0.4723138660909685,0.2824389759129496,0.18761802116354293,-0.18221823938236836,-0.9353527349298957
1.0,-0.8389213157759504,-0.32994878408619827,1.0,1.0,1.0,1.6778151974802429
-1.0,-0.16614672200694658,-0.2745727215245224,-0.958504204900519,0.004036266106038522,-0.5316647286576317,0.4350174034044466
0.05858614808996032,-0.18220943827869476,0.2641057606133157,-0.36801477677984545,-0.2179708192361136,-0.814482585361437,2.6648289216654915
-1.0,-0.8756432114352322,-0.6466292380718277,-1.0,1.0,-0.11633625671101211,-0.49161739145980393
-0.40709935595864793,0.6703542754688799,-0.3218705790094063,-0.06692854935929449,-0.23138344271606998,0.9672682701610746,3.814010652813293
-0.031088258989663498,-0.8125460646686671,-0.053928671744633436,-1.0,-0.4560923254747767,0.032532172464942,1.7017238179284733
0.4463143066013214,0.1960559934473111,0.19397430034240648,0.4735508408058874,0.17966903676197388,0.8077645098237324,-0.17705044017218707
-0.39819911808652203,1.0,-0.8256733821654032,1.0,0.3998182234254534,-0.4517504496660859,0.09932242157317761
-0.08569095969525278,-0.35043458163699653,-0.7436950734072507,-1.0,0.28110222276702257,-1.0,3.676537289148018
0.2396144150994015,0.3069183193195526,0.9722454736903734,0.3196306559520987,-0.19925337948184219,-0.521609212813821,0.9052578867905052
-1.0,-0.4092350946670571,-0.2580618663691392,0.4508790735471403,-0.8153876582465839,-0.8155200316092039,-0.6826844314311713
0.33248309223841876,0.0040599772214107155,1.0,0.1595363339808913,0.9344148450622494,0.47169716415198937,-2.695242507569503
-0.6977556117479832,-1.0,0.24586608391602766,-0.23133053751154686,-0.21816585194475033,0.5081566191915571,-0.5403032306688601
0.823380257723494,0.7606361358638082,0.18133578849689558,0.48133502367319303,-1.0,-0.8851590719683842,5.750975773144058
-0.7643505962065938,-0.12005509160480934,-0.23435678269595395,0.9127442216881543,-0.4179764515135878,-0.47044272487715993,-0.04482201580342593
0.08048119182113475,-0.39446170793784985,-0.8934715694922458,-1.0,0.0035351179091184792,0.03428097492059162,-1.8338432080187128
0.014667955746456185,0.41143159905147697,1.0,0.7687144318828742,1.0,0.7748687143596917,-0.9984182914566091
-0.41405331237928245,-0.11369144762318961,-0.06347459146369827,-1.0,0.6427135097884212,-0.8235901183982877,3.0791175921525826
-0.9627849204662471,-0.23755977589842164,-0.40301044352311527,-0.586663475280297,-0.771509768914298,-0.06461841384708131,-1.145440415512737
-1.0,-1.0,-0.31694769053932836,-0.6809826286022626,-0.48471807587513904,0.178783549144932,-2.3422047656509193
0.5931314965498125,-0.8437691444740273,-0.10206976419779201,0.6448178543151339,0.8814935087041305,0.4353149606182554,-0.9873468093668718
0.7618871995083658,-0.5066908992668965,1.0,-0.3809505970296816,0.7058737085738571,0.5663850994439118,-4.271310952974887
-0.15552255199201537,1.0,0.23834887383095726,0.5833690974716041,0.2842230156522369,-0.706930976694996,0.9252937811994695
-0.05213747485264478,-0.2308668776860185,-0.7570331641733009,-0.3938331144025136,0.4571216550575874,1.0,4.153086509999425
0.5863481494814013,0.5215017586678035,-1.0,1.0,-0.5008553145217036,1.0,5.165972416248715
-0.6931423301951798,0.0941572865073842,-0.4199562242384376,0.5177983669991602,-1.0,-1.0,0.3047260951664509
0.8313407324073585,0.11906737735858713,-0.5149449077200616,-0.7164960186699593,0.7217445205468267,0.22517073623368195,-1.849653593069036
-1.0,-1.0,-0.7241081662397653,-0.9796677808751519,0.03731566695658983,-1.0,3.2105466349363483
0.3059409676213126,0.6577060142146793,-0.551231870801799,-0.12290215412319483,0.4059559497280527,0.41574646074087507,0.7847829157512047
-0.5813250918830652,0.7599159201692295,0.4340384142101076,-0.9386705263838728,1.0,-1.0,3.017742409073565
-0.514269383135112,0.036127157084399675,-0.07683704912252876,-0.31313890448336557,-0.310679259428398,-0.12284863495616205,-1.3176429287233984
-1.0,0.33057577709466485,-0.09470530195582301,0.7100833684868156,0.5893895914121176,0.026632066416137967,1.7414075302301082
-0.013505206359647026,-0.27969940340213517,-0.28657127921249836,-1.0,-0.10725207460940087,-0.9764054633300514,3.474111379857423
1.0,1.0,0.18713284091511945,-1.0,0.9787590420980388,1.0,6.135720668771296
0.7037413539738095,1.0,0.45488180714860016,0.09153518239692726,0.06852818935204541,0.991558932268145,1.102956760953655
-1.0,-1.0,-0.8585060205689455,-1.0,-0.02349773510454245,0.20813325628048346,-5.775021864595667
-0.08419222004819751,0.43845130880131794,-0.7253415359886264,0.19644358438772883,-0.8025148065305203,-1.0,1.2781602589607264
0.7155032943493344,0.5279374915783392,0.9626359245180798,0.775382983445188,-1.0,-1.0,5.9565539316482905
-0.09983031935455733,-1.0,-0.05820439931106891,-0.2538646108200511,-0.12059577445330172,0.7990616168386295,1.4040428349396246
-0.14227219385027068,-0.15781793471804534,0.20767200040701078,0.2939032363658522,0.6881301274257796,0.7423017163923934,1.103143700630753
0.3280812265149029,1.0,0.34082321523310666,0.05977672588165861,1.0,0.2059619766233029,-0.33893141612895605
0.05375003254321051,0.32500333462214986,-0.514009893841753,0.17967031898468197,1.0,0.2372941325918787,-0.034629684840444375
-1.0,-1.0,-1.0,0.8730112250674849,0.5431003772600425,-1.0,0.11578810234361739
-1.0,-0.7715209103439353,0.059172065867804435,-1.0,1.0,1.0,2.544045315755803
-0.12107284487788761,1.0,1.0,-0.06662385945672156,0.36014841966900835,1.0,-2.1644425572831665
-0.6810728597553338,-1.0,-0.9966061539055924,-1.0,-0.08337860687669252,-0.07617185116978353,-5.216031693278044
-0.8289705263486342,-0.761414429546337,-1.0,-0.7650293623420663,1.0,1.0,4.305491587250945
1.0,0.8240111930016923,0.7718070958619875,0.1202428211077945,-1.0,-1.0,6.140322173426039
1.0,0.5085976161704295,0.7272465016871601,-0.31767301866527653,-1.0,-0.9856365361441857,5.393930444196435
-0.8816184007574455,-1.0,-0.8587774641848689,-0.22140434111996043,1.0,-0.3974042893889609,-2.960337850243122
-0.8388864485549421,-0.7745193551608733,-0.3625592785210252,-1.0,0.8803267310011209,1.0,3.024106587531336
-1.0,0.25312078568705665,0.18227630432628283,0.15625165706899843,-1.0,0.15561439771872598,-2.4001230815591343
1.0,0.014861127096878812,1.0,1.0,-0.06934757095856839,-0.18077363308693906,-0.1423272691901073
-0.3675032402535503,-0.7663138455099148,-0.9574300068296204,-0.34193494329604757,-0.22334591863895054,1.0,4.135775412175532
1.0,0.7567952197982025,0.0833501828118057,-0.8839523836892541,-0.2050787268261842,-0.5352004194607318,1.9493635978970185
0.46380034249257074,1.0,-0.41089879092285303,0.14639722312632114,0.14991811002634203,0.5319700227836428,2.5824532216642155
0.24969332879962752,-1.0,0.44700445438750264,0.028426364930682346,0.7127732019596957,-0.7274243641027804,3.4710654445553795
-0.2530104320160411,-1.0,-0.006866111657553686,-0.3472932979911427,0.11378324670599249,0.6637801545785735,0.08486024470403286
1.0,1.0,0.9021513876931675,-0.851233208066726,0.5526025919728662,-1.0,-2.012613722651857
1.0,0.6516748847209095,0.11356453294297641,0.7112085006107789,-0.48688701103092713,0.21880040440498022,1.9599254921428668
1.0,0.5848305706789887,0.022432212806555496,0.48652376884338383,0.3845194273212228,-0.43614718870515545,-0.5834709007127656
1.0,1.0,0.32294558768055515,0.6483764437452968,0.5994270950594094,0.20446974180422872,-2.802855641965774
0.15469334846406313,0.8089582744318897,-0.1235220117630863,0.344346783291403,0.7687364227408383,1.0,4.992555052852979
0.0656090034419244,-0.8581846220651417,-0.16147217238805045,0.2225479196041633,1.0,1.0,2.448425333630462
-0.3636555511485966,1.0,-0.1620071187816693,0.8590593545828554,1.0,1.0,6.059332116201275
1.0,0.19700592881107645,0.0733297640320918,1.0,-0.33229102614017836,0.6913453088755503,1.6112464606240513
0.7895296543043266,0.19325606005528684,0.435641402304346,0.3767511855097623,-0.8383337924412014,-1.0,6.44303851503904
-1.0,-1.0,-0.878382124248827,-1.0,-0.18091584461501767,0.45908465450934255,-5.107880661530463
-1.0,-0.3457664529348644,-1.0,-1.0,0.5037709956633311,0.9476432710531255,2.8436905197428883
0.8572085487884942,-0.7152254956130912,-0.10332375945072828,-0.6487729300701555,0.16391690508977796,-0.013845489987862725,-0.4701626393606647
0.5326237126782924,-1.0,-0.130651129156017,-0.9866986773336397,-0.18312477110289993,-0.20775359293339823,1.1648853452604289
0.16763417464513752,0.28408231779697357,0.7955857543159925,0.5880256510605384,0.15238879141583023,-0.38859615356857174,-0.6435287245940022
0.0754416866809473,0.7424000151475507,1.0,0.14588777205593662,0.5990861017249965,-0.20587718996737442,-0.42066888256478263
1.0,0.04979408453410872,0.4041519767763875,0.8170826166619787,-0.7600920809538938,0.1532661534828379,1.7100287964467322
-0.7559086138764168,-0.8028001408234424,0.3957901526126063,0.06445628787756497,-1.0,0.4579204057724349,-1.9874710389617332
-0.6661642528888234,-1.0,-1.0,-0.18335178145272613,-0.7553672455922636,-0.8674815265545994,-0.6004133862473527
-0.950831969546948,0.35286629190587765,-0.8746226604104017,0.6691295301180562,-0.8023673291270219,-0.23502823674964435,-1.8285985976956258
1.0,0.38134330890495227,0.8866248291780778,0.00462790823489434,-0.8771423630266655,0.003281535067598873,3.789211380331386
-0.8452962720360531,-1.0,-0.9107078941812923,-1.0,-1.0,-0.99850138997429,4.022006274374934
-1.0,-1.0,-1.0,-0.9630886554891808,0.12996882386415143,1.0,-2.262404752488689
-0.32735650690339246,-0.26768993744972214,-1.0,-1.0,-0.6865332174143425,-0.5882512138779088,-0.07292365349563051
-0.622033294433796,-0.5819899885343527,1.0,1.0,0.8588004154254677,-0.8884805020788787,1.223657125919506
0.31384763600377596,-0.23486332623307338,-1.0,-0.14811085945294014,0.1762729972649298,0.26455958644780436,-0.007760501412018672
1.0,1.0,1.0,0.37598169260899983,-0.016861542846404287,0.6733322251655088,-3.3120729261896544
-0.2831513410526101,-0.028829143432167248,-0.405009444447458,-1.0,-0.7594529424205565,-0.3908163415028998,0.42730944713465546
-0.5041551001193195,0.004437352721420484,1.0,-1.0,-1.0,0.564306409016202,-3.343272128005677
0.16120206823278893,-1.0,1.0,0.25199204005688025,1.0,0.19288370290967727,0.2692624201309707
0.40849195453870346,0.36114221571996347,-1.0,-0.6297949468422366,-1.0,-0.6311549470819104,0.1720145218234193
-1.0,-0.05658359265165913,0.12831954370185628,-0.4168513860795997,0.6976161577814255,0.01143957023424634,1.1155718967372374
-0.818900948300916,-0.7361540363657778,1.0,-0.6121426247868427,1.0,-0.355000968415444,1.6380928827253083
-0.5719907416671108,0.056390577717049306,-0.15965401921707606,0.5899717254791783,0.32557516219249427,0.43678415845859786,1.1448599395203876
-0.3455697440203269,0.01985999047133369,-0.02806481383458609,0.28602252902276337,1.0,-0.1350358829531743,1.0066411106709587
0.3364867386092383,1.0,1.0,1.0,-1.0,0.3742725281846848,-1.6854246472648766
1.0,1.0,0.2680695826389427,0.1516321880515511,-1.0,-1.0,6.367542517691449
-0.45617212978346255,-0.8897561332366222,-0.8153889864282418,-1.0,-0.6446935458423318,0.38356962298055997,-1.4833297190670678
-0.21891696549963158,-0.1565886141408544,-0.6506435023443534,0.4252819743973709,-0.35125790087459663,0.27388959486634934,0.7825288798636014
-0.6990266843706188,-1.0,-0.8753468010147698,-1.0,0.97910220740173,1.0,-0.1662070768669847
-1.0,-0.07898862311877508,0.7857550616998753,-0.3343255556441994,-0.6746956811774971,-1.0,0.12300366417527259
0.7261810941620173,-0.0960049427248219,-0.14302355466543665,-0.8343545726768486,-1.0,-0.2480468596395491,3.691341646682334
0.08331323109077787,-0.17388860392567318,-1.0,-1.0,1.0,-0.188674261445976,-1.5953797384805846
-0.31731465666531533,-0.6556354780307323,-0.7553109537569795,-1.0,-1.0,-1.0,4.1560151605628715
0.3085597678683615,-0.14762704653474623,0.969882835029575,-0.788441813197601,-0.5662644034145274,-1.0,1.7722966396460307
0.158700095589552,0.09106018021997331,0.9231194125490385,0.3906941500612535,-0.33264278853631335,-0.34626459744359783,-0.6888905172003509
1.0,0.3245565359354952,1.0,0.7932518188484858,0.800679846157627,-1.0,-2.578650619986794
-0.6365286368265279,1.0,-1.0,0.05812066988785672,1.0,0.00808688031902749,3.817562387179233
1.0,-0.6935727519254797,-1.0,1.0,-0.6096792366856412,0.7953981877296882,5.302150134573335
-1.0,-0.33125299533221164,-0.4362590549436409,-1.0,1.0,1.0,6.718829775440785
1.0,0.6889051061807567,1.0,1.0,-0.5406818877218634,-0.8201581969497863,5.852660895827731
0.686732818282808,-0.6164104277683287,-0.13485887032681226,0.3876135733785936,-0.6855543336412699,1.0,4.875335573748091
-0.5995123605141123,0.2346371443714576,-0.046024292027716046,0.02136823501385296,-1.0,-0.2635342505109665,-2.563162311329945
0.028546742147667503,-0.8325522240905793,-0.8528988351401373,-0.11221365453881121,0.44043314348442203,0.37052617967079526,-1.2845460964155533
0.2573450854428412,1.0,1.0,0.3454803154674797,-1.0,-0.31766376856842915,-1.6404874366569566
-0.035457454359004686,1.0,-0.9435806366307588,-0.5180699519225956,0.4196929677607853,0.3758123056785464,5.082395598974646
0.901629896824295,0.5820046274752158,0.30019171559320895,-0.9498764203845115,-1.0,-1.0,7.026523946773586
-1.0,-0.7276082399829829,-0.8740029073852273,-1.0,-1.0,0.21746342688031028,-2.2945661818706506
0.6529627107609606,0.9211143433320117,0.7066704059620941,1.0,-0.49863272495001465,1.0,1.4899070858168812
1.0,-0.2106893647272059,0.12010761222847777,0.7319409180614947,0.3425906401093274,0.11974001020393343,-0.7691515411926899
1.0,0.8792908590130253,0.3802384635934899,1.0,-0.16497139479154688,0.26101330443231163,0.5533785727382642
-1.0,-0.06041774166753111,-1.0,-0.8620273180879399,0.22191708354852957,-0.8899030706426374,3.6569031400906655
1.0,1.0,0.6469427096970289,0.6029495849520746,-1.0,-1.0,8.736912633986895
-1.0,-1.0,-1.0,-1.0,-0.08396584062585788,-1.0,2.8635277920264484
-1.0,0.1685390564618604,-0.09328550829370444,0.01745927085539192,1.0,0.5359842068473841,3.8783721139089002
1.0,1.0,-0.16702650719047485,1.0,-0.047407157940138805,-1.0,6.536481043363811
-0.18764408693665025,0.3216574348578286,-1.0,-1.0,0.11145362781370804,1.0,7.666775863629613
-0.7360046427550371,-0.7661889875743894,-0.2983865137946276,0.7307144658746239,-0.4049287662167251,-0.16720207506166085,-1.2249916694002927
-0.8117639001206005,-1.0,-0.573340029149528,-0.572584281269603,0.6754432581394597,-0.1302765283918903,-1.8931596794361263
0.33767141024484193,0.8886817714734079,0.508609692733162,1.0,0.7883096140178144,-0.24181972971878618,-2.796150293480107
1.0,1.0,1.0,1.0,-1.0,-1.0,8.732706658030292
1.0,0.03217232283706373,1.0,1.0,0.08558495815370515,-0.5614717969254507,0.7990877008787063
-1.0,0.5167776453644148,-0.458642290935836,-1.0,1.0,-0.029606253670733773,4.941683271712342
0.32756966236039253,-0.5742232026095329,0.819632876120522,1.0,0.08059993179279715,0.6493141809623912,-1.2075142890109243
-0.5896149067910823,0.9706677824175268,0.7450369286900618,-0.2405879980033194,-1.0,-0.13313443423630478,-2.5416278681977826
-0.12266429457201922,1.0,-0.253102766367884,0.36669082077623494,-0.18495759995609218,1.0,4.229286939786345
0.6175403971516676,0.8896250268973696,0.7181603308549971,0.14199625288455842,-0.8448668463956426,-0.6481965653839392,1.543577001284456
-1.0,-1.0,-0.1402310737358996,-1.0,0.405545381453999,-0.7542170817871263,3.8669377700437377
-0.05433722642420116,-0.30122893465088385,0.4945436981552378,0.12161278506497908,0.4765453718131436,-0.0032868788192528253,-0.5250301887406188
0.3880265276621281,-0.35261480928385847,-0.29550227911522486,-0.46764624400390986,-0.16955284021339848,-1.0,3.9680602071137434
-0.6032312216010521,-1.0,-0.06211765560807647,-0.28467602850571955,-1.0,-1.0,2.682003999506277
0.01519562618480541,-0.40167170410255404,-1.0,0.19679939918553058,0.7939338865034572,1.0,6.144532287219368
-0.1698265381392391,-1.0,-0.1917363937948373,0.47992205578632063,-0.2879479631129933,-0.6272416098187119,0.08232503016921056
0.9144482456878344,0.0837143234802635,-0.11194507547947555,-0.0920421524274835,-0.192018040606747,-0.08747188155565011,1.8084996661182962
0.6422659988704176,0.6483905500812883,0.4754300609210125,0.49279835234334435,-0.01683426369976504,0.9952634619290506,1.0771790420339
0.592671374056226,-0.11385837593877962,1.0,0.9289953130184321,-0.22315495587660839,-1.0,1.5908626452662562
1.0,0.951262509037742,-0.1727310095804771,-0.6174727272256777,0.8370800256734843,1.0,3.964763156434615
0.36831383970115494,-0.587423654793862,0.15063082643250758,0.889825333181135,-0.38018419732903397,-1.0,4.239684815720356
0.7950116533485379,0.7178271653224786,1.0,0.828351569832279,-0.4226551529419942,-0.4964679108175468,2.4412571198478252
0.5695732826682267,-0.007159625017062965,1.0,1.0,-0.11801763744120586,-1.0,1.906156094672261
1.0,-0.023044483195101217,0.8575303909612578,0.005855453178608361,0.5515128580102662,-0.28300605057687467,-0.9459381555771511
-0.5199123890548066,-0.08788756313125012,0.9781793051559935,0.6775627334870398,1.0,0.9512181599718104,0.3488681984176362
0.3052932338255543,0.6790158612739305,1.0,0.08277151436631836,1.0,0.8635217287795234,-1.8562606729375646
-0.2833336322078037,-1.0,-0.520188906273636,-0.67166220878464,-0.8475704160955918,0.5507984588668406,-0.15890821486671974
1.0,1.0,-0.11187424599959278,0.37873199607019836,-0.20043340506170493,0.3324499694592167,1.3490122373855022
-1.0,0.6918680237991195,0.19823071837577655,-1.0,-0.05830299847222564,-1.0,1.3343192941967834
1.0,1.0,1.0,0.20315122237278538,0.29592972195123046,1.0,-5.220628705313394
1.0,0.8162109042762583,0.6505771749995435,1.0,1.0,-0.1460478325407054,-4.404178962875502
1.0,0.09294671460920606,0.188711705959148,1.0,0.5179150894877731,0.703744025144786,0.3546187021198903
-0.7536599729678009,-1.0,-0.3199623294286592,-0.1285260491533945,1.0,-0.804543697356447,3.3394941274155987
-0.04171192214807251,0.64075130954828,1.0,1.0,-0.6952679261879389,-1.0,2.253684759942594
0.0847745964668849,-0.08862733008776913,-0.7086410780827934,0.8095810318300095,0.31579117627335584,-0.553084001372899,-0.8817584484791721
-1.0,-0.06309420524619824,-0.26493333778142114,-1.0,-1.0,-0.9207469318515695,-0.2957218304407254
0.44128528871682526,0.77948240002341,1.0,1.0,0.7854173689174268,0.707174844262365,-5.446221805447586
1.0,0.2967015497747637,1.0,0.3950000064879895,1.0,0.3475852759707724,-5.300777355121221
-0.5161065187072231,0.6416648242526339,-0.5653403694019814,0.4432531202163561,0.2365144032963687,0.1281243896722338,0.1997871275858396
0.13943733228124017,1.0,-0.3384576898803017,0.6891962676730341,0.1706689383803881,1.0,4.0102139730238875
-1.0,-0.15371211035836674,-1.0,-0.7655548366490954,-0.3529353102499978,1.0,5.87620761010719
-1.0,-1.0,-1.0,-1.0,-0.2546170280621234,-0.10999098304449251,-6.689251218420234
0.7351327962869709,0.6486719549037839,-0.2525421330870726,0.3955499095044528,-0.07780384250040528,-0.18413225440095782,1.7161954280888447
-1.0,-1.0,-0.49708102110193586,-0.08447627593313567,0.18316566294559855,1.0,1.1838559586283963
1.0,0.3295854038346073,0.4724257444180662,1.0,-0.5985686700559305,-1.0,9.231833003623382
-0.6505411370157861,-1.0,-0.5234861512671676,-0.7394340672748926,-0.3007161823988753,-0.37591740222085357,-0.9482802199346283
0.09883196873465397,1.0,-1.0,0.2343353477199447,0.2912401202675048,0.15825974072031812,2.783139763290871
1.0,0.7241810514797935,-1.0,1.0,-0.4148421799654285,0.6235034484267412,3.241180568122188
-0.2706314638633668,-0.2224884569973527,0.31979054393835776,-1.0,-0.3173562397925169,-1.0,3.073845129807581
-0.2708457405693946,-0.8018463020195078,-0.6777132331456521,-1.0,-0.2202381541393461,-0.9778028500842866,3.387545908358027
0.24425636311140708,0.2074610948219771,0.2844075556445337,-0.8928670065501721,1.0,-0.9707565855599232,2.3214224656950067
0.1321086705931049,0.9445841115278789,-0.2157115854899938,0.37436112151357126,0.07480184085767694,-0.7214365196996526,0.5545022380459915
-0.13417255531576555,0.4415947995936266,0.9282139074864191,0.36015435974788834,1.0,0.6751915778890525,-1.3134448734517816
0.7804274871051105,0.13869767825854917,1.0,0.9301481382682635,0.6779089467792703,1.0,-5.3154559629648634
0.6163501605738668,-0.38185601785848755,1.0,0.33951432219538025,-0.37729561485657315,0.2717392555815755,0.5188259619074631
-1.0,-0.6772861913321799,-0.5886954649675089,-0.3309074653332027,-1.0,0.5094104368588965,-2.9954207973422045
-0.36442632432401745,1.0,1.0,0.2618033724860906,-1.0,0.24437908405499753,-4.458519299995899
-0.11852919513447593,-0.9515633819363143,0.2633891783332547,-1.0,0.14414773266306444,-1.0,7.671681947479435
0.21182585323745018,1.0,-0.6706378005909559,1.0,-1.0,-0.7898736308025178,5.256953446561716
1.0,-0.8585435878671716,-1.0,-0.7087803740733869,-1.0,-0.39834495415354554,7.5902996743377615
0.6621710752461726,-0.9406767761736372,1.0,1.0,-0.4822544967916327,-0.20477795067575505,3.9172097869897535
0.44714719420305643,-1.0,-1.0,0.8534841990243978,1.0,1.0,1.9902763666658894
-1.0,-0.31505914388228495,0.74771828737521,0.9948521374040857,0.16901275076762867,-1.0,2.4710916820936966
0.2149819641166742,0.13761931344065548,-0.8690787377517633,-1.0,-0.3986617337054691,-0.5264988283936437,-0.7341859887634669
-0.16407490453516416,-1.0,-0.4960701922094508,-1.0,0.029726550478797464,-1.0,4.407140283419242
0.5104425792077922,0.6290491609330657,1.0,0.4945164047332482,0.32669075310331425,-0.027742445138737026,-2.5759274705295665
0.5084402888792441,0.38801364325485066,1.0,0.5974474085473036,1.0,0.5521368575579494,-3.470373731734031
0.5870557493950984,0.19781605000526126,0.5410770162029215,-1.0,0.4378199866873894,1.0,-0.09072778780137325
-0.3749637685652458,-0.971473537728492,-0.5159541789579002,0.0779861046532293,-0.7010064598853427,-1.0,1.7510986964195607
0.42718856732599714,0.10433848203159046,0.21911470468414065,-1.0,0.3218039703467472,1.0,2.6889864668903893
-1.0,-1.0,-0.16874306468679823,-1.0,-0.33101915493205314,-0.7947598225991643,2.8635049041175775
-1.0,-1.0,-0.45120978382999666,-1.0,-1.0,0.29769842456964657,0.4347620386630425
-0.9148317349530007,-0.6813453941236205,-1.0,-0.06782477905118744,-0.12704653535697696,-0.10259949819908615,-3.0769789327349937
1.0,0.4240004948046773,0.8100496919319443,-1.0,0.3364547803646998,1.0,0.008463600553664574
-0.41674941283016675,-0.9166393394009729,-0.41144134945569766,-1.0,1.0,1.0,0.863183269252878
1.0,1.0,1.0,0.7085257565058181,1.0,-0.29579950739181693,-4.928897698614957
-1.0,-1.0,-1.0,-1.0,-1.0,1.0,2.732299646643262
0.6331838375241677,0.32684260537197324,1.0,-0.16628131025632947,0.7024326910496987,-0.9420670020452093,-0.06884438927892678
-1.0,0.05439575106207677,-0.05004420920018582,-0.5981425273702783,-1.0,-0.071465731946188,-1.9762120697308816
0.05566778302178549,-0.20756625860280017,0.1251918434172472,-0.06286992961434978,-0.8036911346886799,1.0,3.7787314775157927
0.035756843109504485,0.9901954040331578,1.0,-0.6336092333264942,0.2819338888324542,-0.3468096649887249,-3.4955256161606587
-0.6216784392452619,0.7957483972275111,0.7318735057392509,1.0,0.5088297313122212,-0.0820671040310309,-2.1906663319224067
-0.08064787585337352,-0.3761038227233634,-1.0,-0.8704731222026723,0.12170511209862661,-0.10388234240672489,-1.4872039859768589
-0.10556343826851926,1.0,0.08928432428788785,0.9686830346479938,-0.5448272400478074,1.0,1.4044060268387542
-1.0,-0.09457430506659137,-0.0718819333499714,-0.7825286485835232,0.016679274421522727,0.13569388118075532,-0.04664603196436311
-0.21158546469384754,-1.0,-0.4727261085406145,-0.051125751398427566,0.10006400001693905,0.05822204987512597,-1.4141890380631623
-1.0,0.1615725902081428,-0.6458688825360566,-0.3460558965109471,1.0,0.3537224071750636,1.3901901999798403
-0.22941507161744543,0.9155373367504852,0.40133907463610297,-0.28010686511671956,1.0,0.8585272178164189,3.9626954239638574
-0.661140061495739,-0.17174531722007147,-0.5914200063841479,0.38873192660274664,1.0,-0.24886987460214444,1.3463038473169668
-0.3108257457700704,-0.7496664697162597,-0.45571157896054926,-1.0,-0.07451963325221223,-0.4029009611581078,0.19851933186159232
1.0,0.9497114329905991,1.0,1.0,0.6204138021587356,0.4853075396424476,-7.857805415746716
0.8669277191421345,-0.22512466551778842,0.29801619518495376,-0.45541127980363716,0.27166690188527237,-1.0,5.479211900323241
-0.14893890177795926,0.41337715980508877,-1.0,-0.1540656136952377,0.3182283475665106,-0.7998149180738721,-0.011153738451768147
0.076808862591157,-0.5913550145895995,-0.7493587734627071,-1.0,-0.20595743307391512,-0.2100118004135927,-0.32766492960484317
-0.2304916210974406,-0.10407960780433365,0.32754596858438756,0.18653059417942608,-0.8137604829307087,-1.0,2.288365403017958
0.9664621204187173,0.18585415182498477,0.08785896252738512,0.5748917414548673,0.7168303126298475,0.2317097207554446,-1.5581288934718316
0.12375256743450769,0.29177316120123353,0.009706296002559567,1.0,-0.9999081525081431,-1.0,3.855626938104349
0.7147252859997912,0.5843628151201534,1.0,0.42446865137852363,0.5107027555869597,0.11873259481455833,-1.3491327616715896
0.7758775316557968,-0.6052107484935669,1.0,0.17875851499422796,-1.0,-1.0,7.634883558380095
1.0,0.07917938013339398,-0.6610913075569832,0.2860466885850962,-1.0,-0.37334541159458046,4.1571081167877235
0.04596123625470627,0.7147089458954019,1.0,0.05722019164372305,-0.8141009441757295,-1.0,0.22693545183615493
0.7310407882786344,0.15648077204517974,-0.04482132969578956,-0.6224676695213766,-1.0,-0.3918940741788741,3.3956146759211157
0.7108120795088182,-0.26927308109512843,-0.011293329589324608,0.9532938763820427,-0.4524137402212969,0.0994331819058224,1.1235415232389765
1.0,0.17292948500481908,1.0,0.5026605458382029,0.0514257560352947,-1.0,2.4145882370715253
1.0,1.0,0.7770553660904971,-0.044843190975862646,1.0,-0.31633939057052185,-4.20992289575692
-1.0,-0.994069310642697,-0.7542532867069703,-0.2654963358214153,-0.9114977869166615,1.0,-1.3286351545211148
0.094136357444493,-0.42643190201343817,-0.647907553900338,-0.5542151807606315,-1.0,0.3205259089959184,1.2325158039853292
1.0,0.7798479513608982,0.8257068247125932,1.0,0.5530298631360016,1.0,-5.3607276254575895
0.6706978144430307,0.7601283939668074,0.37274709090982605,0.4387410788483982,-1.0,-0.5709835618149834,2.1721394951842594
0.03922888242785094,-1.0,-0.2240721021317249,-0.6876759280317264,0.12468298932245164,1.0,0.016881578467065436
0.02339207245650643,-1.0,-0.7180696374667511,-0.44050592574119385,0.18519848686610174,-0.2511494564448702,-1.7531317839849134
-0.6550443826801056,-1.0,-1.0,-0.25622562067111665,1.0,-0.4108558115332228,-2.790066921978778
0.10818718245110703,-0.9542321961476863,0.019929541231304693,-1.0,-1.0,-0.828909889353995,9.429293304268898
-0.46796164661588147,0.7752353684343481,0.21257653796360815,0.12287773473932606,-0.28551415276440295,-1.0,1.6864501925837845
1.0,1.0,0.31612967566745603,0.36597723017699063,0.16790696136567068,-0.20405517932046247,-0.849574537092423
0.87186580586355,1.0,1.0,1.0,0.9314621907607588,-0.8446801846615896,-5.298999036637625
0.33649608338852677,-1.0,0.4451228853961682,-0.2815353672035074,-1.0,-0.7998622626047865,7.1002872690728065
-0.7811857607544023,-0.25390190959405934,0.2982815349847089,0.22389752139431596,-0.25064485773287837,1.0,0.2580365383120945
-0.6313204187248996,0.6624941283069415,-1.0,0.14412351141191376,-0.546744312274881,-0.24768534091219063,0.2835430779137156
-0.12596341650249254,-0.17692581601226043,-0.9976245939037058,-0.4347072904658127,-0.31058567223546274,-1.0,2.950294746435255
0.8009644181811761,0.605313619146376,1.0,1.0,-0.09297350710409702,-0.7134628472069812,0.7083313612932173
-1.0,-0.01293353883713344,-0.566770316276763,-1.0,1.0,0.4380179976755638,4.3076888340265285
-1.0,-0.7505434420782557,-1.0,-0.39270900852484236,-0.10789602088454797,-1.0,4.791555789172672
-1.0,0.397091255236998,0.30363435548822443,1.0,1.0,1.0,4.431317765798745
0.6292685719999955,1.0,0.29232995029265796,0.6852148187713953,0.6619954089546249,-0.22486711743209145,-1.1053946979326987
0.031183008970475656,0.2101307023001327,0.4938793975018328,-0.7212539866694031,0.5767727207126891,-0.062293303196858885,0.13948862865128575
-0.7744521978709624,-1.0,-1.0,0.39883416273435685,-0.7603478907669323,-1.0,-0.8814909611971171
-0.3941543592919947,0.06627475168749608,-1.0,0.37689303491249904,0.0017547573083641632,0.7187943171424209,3.7853450783620457
0.30375588085807115,-0.8415512176521085,0.8609528330084066,-0.196794670758675,-0.679894623983136,-1.0,5.807743186546151
-1.0,-1.0,-1.0,-0.7761489503265142,0.5197832622945318,0.4487615978813204,-5.8818343176879475
-1.0,-0.9812984202683241,-1.0,-1.0,-0.10747950781189697,0.11799772284464116,-6.435769874181164
-0.02362370910514855,-1.0,-1.0,-1.0,-1.0,-1.0,7.064293472128096
-0.5235350249721564,-0.2851974429400208,0.23232349814058975,-0.1372667074704711,-0.9869697230334677,-0.3889961448856899,0.08175761156039563
-0.6459258890317645,-1.0,-1.0,-1.0,-1.0,-0.12517324462246227,-1.0435035020713432
-0.9429697103388023,0.5881309916642014,1.0,-0.8072435174525494,-0.6592148868480072,1.0,-2.8602259307606834
-1.0,-1.0,-1.0,-0.35067140709972877,-0.18768038417220956,-1.0,3.2597613515946877
-0.48402668889357914,-1.0,-1.0,-0.8942521397783108,0.4295807788463428,0.14208596513340133,-4.085484223755714
0.9040494489548093,0.8023786945159062,0.9057310085440622,-0.2861920354559596,-0.22917999706698067,-0.3862380556788324,0.32266377348893027
0.2636616431003824,0.18695262477138164,-1.0,-0.2723003974996125,-0.030160149342555842,-0.17102221026726294,-0.18419592779872726
-0.44194356393639844,-0.14840086551879506,-1.0,0.5510230845533683,0.63506963377543,0.6032063570974111,3.3682251100687526
0.5169099560069501,-0.32045131616373645,1.0,0.6571525915908767,-1.0,-0.865618587153392,3.593277674701119
1.0,1.0,0.9003684868608863,-0.2170493988412427,-0.28209393471244015,-0.9510261968543854,1.7928731344232216
0.15104372339183914,-0.30942744054552734,-0.31109245058660223,-1.0,1.0,-0.6660939362374471,1.9334599825020933
-0.4677512607307496,-0.39142135806961437,0.27463982088508443,0.05377938596318477,1.0,-0.23693372581258368,1.5970418684012444
-0.49197908163966975,0.47217236001873875,1.0,1.0,-0.9645935024509202,-0.22157652776896858,-1.8221294748846115
0.7630877720150251,1.0,0.8330648341353208,0.33107826105379823,-1.0,-0.3104967174955888,1.9937737110046805
-0.4826504505917689,-0.47091489371238304,-1.0,-1.0,-0.2793921327436806,0.4699246647504528,-0.9952171651608507
-1.0,-0.04312239557750397,-0.7771569273073426,-0.08393490728238058,-1.0,-1.0,0.5364549624072467
0.5502687349399943,-0.6948380277877306,-0.2842319853651185,-0.38344654830635083,-1.0,0.048390967219715364,3.0843712230977323
0.1516334105091266,0.14982000826730485,-0.44166083934555406,1.0,-0.31846240491781563,0.4089928455031189,0.703039718862744
-0.29062549283422995,-0.5400634456265727,0.22751769657136345,-0.5502280575279048,-0.1620330855669719,-0.15933389724532387,-0.23227416228693915
0.8822369919802787,0.6520097502982964,-0.7547941742611507,-0.16602401464248806,-0.5391348467304435,-1.0,2.7389979391958796
-0.07776619063494933,-0.9786879604481187,-0.597128645991182,-0.3645035061572125,-0.8454970523251524,0.16376071520275115,-0.7156458812932722
0.9197126160069835,-0.6605831569313914,-1.0,-0.22963345345131025,0.7962248765496975,-0.874682954778442,-2.49165785855457
-0.06722289315829655,-1.0,-0.8431576955659379,-1.0,-1.0,-0.9011773757166166,6.238933780836895
0.26950191030769666,-1.0,-0.42093475014523074,-0.17110227073472611,1.0,-0.8305167017840566,1.0058043341264689
1.0,-0.6649819493987101,-0.5293111311389693,1.0,-0.9892185822530443,-0.3521059418246903,5.471880176650391
0.43142400798114383,0.5215337218716051,0.09029620820888985,-0.21533507431883603,1.0,-0.10266890451707444,-0.9094629807626983
-0.7746952123507463,-0.6151261532354688,-1.0,-1.0,-0.30136178813755077,0.5075061082684719,-2.150006724726304
1.0,1.0,0.9198438355970866,0.5414702919455961,-0.5457404780429429,1.0,0.45873919104504557
0.929666815092284,0.43102497337095613,1.0,0.16293737233803762,1.0,-0.9630922135562802,-2.2369737676727497
-0.18952106594311974,1.0,0.7508314566048844,-0.16413486222499526,-0.09826008791132135,-0.9135635366131127,-0.6668994856733721
-1.0,-1.0,-0.12929672565326844,-0.6738546069778621,-1.0,0.20865918651549142,-0.6996946282369296
1.0,1.0,1.0,1.0,1.0,0.28025294743785245,-9.612144987978738
-1.0,-0.4991233698971337,-0.694314296214489,-1.0,-0.5229982822784065,-0.3020815436176201,-0.7331905744887106
0.25116290365176297,0.11583037470284724,0.19881316837089502,-0.0660072799443654,0.6524501934956363,-0.45555203791400084,0.40682977230890977
0.7550943559489449,-0.2575898479973292,0.8866881709750014,1.0,-1.0,-0.5645751111386512,3.884052249723613
0.6409268303410119,0.3169970391406014,-0.5608526199749939,0.5918936673281908,-0.3809998536806134,-1.0,3.36408236543503
1.0,-0.6241150475585253,0.5621542632728815,-0.3056142462720129,-1.0,1.0,6.349788204250195
1.0,0.25036342286894686,0.7037536584213682,1.0,0.5989747969973692,1.0,-1.583784788953562
-0.23116422088551125,-0.7839184363609646,-1.0,-0.24616066498140432,0.2573625209963928,-0.8374051628510147,1.4905727106559903
0.29206969835292207,0.5634039809027855,0.6051118535343956,-0.24851859479113697,-1.0,-0.9925642029650867,1.7292595175067975
-0.7778658871378843,-1.0,-1.0,0.31312088033085317,-0.7886146424895683,-0.40515809668895897,-4.557013578401156
0.012880432842667489,0.10815417039545866,0.12629252027567617,-1.0,-1.0,-0.9007827883317256,3.1988974518649513
-0.4698329516781755,-0.18274447213176137,-1.0,1.0,-0.5543774210688988,-0.24589805239006057,-2.6927535637774374
-0.48101819154044845,0.6694593332181689,0.8289970029777676,0.8865408176486809,-1.0,-1.0,0.9628830080887412
0.39411050040208323,-0.5226670795429579,1.0,-1.0,-1.0,-0.07237596260042364,4.19470553797353
-0.702527140642401,-1.0,-1.0,-1.0,-1.0,-0.6824825829709704,1.8182522267086334
-0.27958335891296127,-0.9076274857184926,-0.30971974549117703,0.2533602158974564,-1.0,0.9564755246314323,2.5452625223053538
-0.034490156322803944,0.027327652051636647,0.7155912190125912,0.9944266048155654,-0.38292183297288296,-0.4781142446297235,0.6214777391890325
-0.225069154988653,-1.0,-0.4359417066599143,-0.40217479920642457,1.0,0.9290504703240963,1.7815712213660633
-0.756951127093038,-0.4517613614050438,-0.03856175566169706,0.7416036009978669,1.0,0.701079006971877,4.1421561986756945
1.0,1.0,0.3913991341924694,0.0339556564104222,1.0,0.2560998521838775,-3.010091943875384
0.2559200002200719,-0.214516232938883,-0.6720543443742901,-0.6509155133116995,-0.2745384795213051,-0.4344341593207592,0.20048031709974132
0.7159425461138382,1.0,1.0,1.0,0.2939918646993279,-1.0,-0.6608908096601968
0.28328709875353403,1.0,1.0,0.21500007460251824,0.43200549774879815,1.0,-2.712401244254422
1.0,-0.003881831761615301,0.9658369307953172,-0.04150534588244814,-1.0,-0.8403319687615175,6.415764642940453
0.26443478014388866,0.5076456791892192,1.0,0.3167624045145705,-0.09292961222354079,1.0,-0.47363839119440987
-0.65375084169275,-0.7558836400393111,-0.8683550667517027,0.24956120395591888,-0.5166994601769597,0.28413746326196454,-1.2666766742029933
-1.0,-1.0,-1.0,-0.7657056092641291,0.14423011394387286,-1.0,2.6400847718659293
-0.4975031523320278,0.19680001196137006,-0.16376663073490139,-0.19446776919523945,-0.701898264104169,-0.1748099088727759,-0.45582699799726156
-0.13111367385677475,0.08917136776112422,0.7234378073333373,0.2990960504439843,-0.247625511545142,1.0,0.810626818292432
0.6755379871663346,1.0,0.8011225715986208,-1.0,-1.0,-1.0,3.8763994282350853
-1.0,-0.6149896316907568,-1.0,-0.9664228307517532,1.0,0.851047966416556,1.8891668565838715
-1.0,-1.0,-1.0,-0.834699729415995,0.6641510513337516,-0.6878739638503255,-1.6149631526668562
-0.1091799624373429,0.2635867163595625,0.14919905225265562,0.46256990689193506,0.7830388558279788,-0.32795820328770264,0.3953604190996082
-1.0,-1.0,-0.7564759075214347,-1.0,1.0,0.648034042964988,-2.9799535630985843
-0.27666109420093066,-0.5394053830601477,-1.0,-1.0,-1.0,-1.0,2.302491349700397
1.0,-0.4207541828393948,0.6540676021646165,0.8546276364446529,-1.0,-1.0,10.39988166792682
0.3410468520528134,0.32408164759037383,-1.0,-0.9159415109428408,-1.0,0.13258049259371152,0.8705484205842339
0.14011406245330876,1.0,0.15857749375289398,0.21144066445355214,-0.4691348698866813,-0.6671320345624707,0.7613430231437479
-0.5638069125530873,-0.365786049004724,-0.5232649813166265,-1.0,0.43027601023626494,0.1481755695789841,0.35951144623243964
1.0,0.9352860709271218,1.0,1.0,-0.43117230740302126,-0.06082502221159947,1.5885994197947249
1.0,0.5543644477465259,1.0,0.03789173225222142,-0.828659248004612,-0.6074567040518413,5.071030546785244
0.2561625861171858,0.9156473983091724,1.0,1.0,-0.38254371398977627,-0.9236291995448318,0.42188985270788204
0.9530548425189047,-0.7010131882665249,-0.742024997157918,0.37265579229735957,-0.017738398231351052,0.8735252062911373,2.1463934873178494
-1.0,-0.550512316703495,-1.0,0.015791126934820876,-0.6601499901869202,0.08355084851690714,-2.845610991593385
1.0,1.0,1.0,1.0,0.01555616863841873,-0.2846604235507093,-1.0417477077770694
-0.14629826201102647,-0.41408388177805033,-0.6821314246879364,-1.0,0.3193992714458731,0.3133419110182256,-0.41423464363576273
-0.021274930343989862,0.7485923562237004,1.0,1.0,0.24234565512822476,0.5981906906796763,-4.387365399811733
1.0,0.2584707164560316,0.5387049922209837,0.0733189095399135,0.1515450328614062,-0.7145756917062678,2.6686734068356226
0.16983099624020304,0.2254455268103304,-0.010514078747341227,0.06237858261441698,-1.0,0.5683099705106542,1.3459309096987402
0.8557002431230754,-0.01716575675869636,0.6680185580940964,1.0,1.0,1.0,-1.1848367021101984
0.551697601469664,0.02603907770496683,0.15466965889393963,0.479074630502458,-1.0,-0.3343019579372932,2.8654539648227875
-0.44505329954632544,-0.23490189718327598,0.004804766837399499,-0.5778759305547634,0.8364413248004615,-0.3504672159466879,1.9004371322175457
1.0,1.0,0.6913643836128084,0.0698584987900765,1.0,1.0,-2.3032180304289795
0.8588231530199226,-0.3862130189566105,0.1337242741860204,0.8557479831081334,-0.6767221154796759,-1.0,7.402407066933783
1.0,0.05110357059650655,-0.5084147620116314,-0.6570559377560545,-0.5354060985033774,-1.0,4.9910511999024605
-0.7608487150039543,0.026261815412988575,0.31688867966166234,0.043767300873952864,-1.0,-1.0,-0.584472015125398
0.17510639305609677,0.006296006783987673,1.0,1.0,-0.471702897736961,-1.0,1.9231537765555826
1.0,1.0,0.18332418882914836,1.0,0.5188976531714924,0.46006727942034853,-1.4119310890059669
0.4547854588373847,-0.3963236282067917,0.09215879909122568,0.9728858625625249,-0.4423184472758874,0.8736303498552956,3.5028632109318503
-0.36745210464561123,1.0,1.0,0.6283835272386816,-0.2419759985000849,-1.0,-0.023258787004031112
0.34336441694746467,1.0,1.0,0.1387268324161774,1.0,-0.739758268291548,-2.7569704475356653
-1.0,-0.1480873371852348,-0.3475762450741333,-1.0,-1.0,-1.0,0.6340890139817006
-0.8265441506698838,-0.03997997827382349,-0.9123240237905148,-0.5851601888196067,-0.8274357721230232,-0.6467600962476262,0.953723257267099
-1.0,-0.11238606454760647,-0.3851936788992161,-0.861715523565459,0.5195549510886514,0.059365053589120365,2.299370308897959
-0.3261723927869342,-1.0,-1.0,-1.0,-1.0,-0.15108013599553305,0.6921400672711638
0.3853576298903859,1.0,1.0,1.0,0.418341389260922,-0.11014882472621018,-4.280312361760297
-0.04227691725640398,0.6007339489743484,0.5250271626678549,0.11028356008333229,-1.0,-1.0,-0.24166715171190034
-0.7504595286221643,0.5568768900788,-0.43209281942115907,0.12811773953189276,-0.15062492847312897,0.1459002328955737,0.06360856078425899
-0.5129024590279245,1.0,0.869584915879273,1.0,-0.04053666884053596,0.4107440820614553,-5.2252663123931
-0.15645034275138636,-0.12380905163204359,-0.5182794414927633,-1.0,-1.0,-0.8052177774634175,1.5819634941186866
0.827744160317783,0.5813061758258269,0.5261933148798107,0.6241639239959696,-0.27774635551420435,0.36912345845818884,0.43900520383828634
-0.009047298978551166,1.0,-0.023691843970548465,-0.08269761027483011,-0.27290572087780607,0.4526358203634091,0.9643587111636076
-0.5189879400203148,-1.0,-0.6091294606216018,-0.40543907624619546,0.3687783862905576,0.743468219721001,-0.4446748835833845
-0.7289424279209915,-1.0,-1.0,-1.0,0.009147743557589127,1.0,-2.0994912096873097
0.18874576743509863,-0.11331219919038277,0.054463362225510625,0.12675686271264716,0.021659824808095363,-0.7172043257386969,1.838887714158681
-0.16578469282412384,-0.6511037680975971,-0.17950824027596757,0.2346441408205179,-1.0,-0.45258696332243153,-0.22177817603965205
-0.6865025347860823,-0.5234454189408461,0.7511758516890267,-0.8512492693756507,-0.1999105924632758,-0.5694688183433894,1.343810209050919
0.13393469581352813,-0.2067005452374137,0.4009704757128603,0.3096323312003091,0.9609326722897177,-0.5356309862085835,0.6141813512127486
0.9163950825689675,-0.03689313410651829,1.0,0.4704083278545341,-0.20614385741935887,0.013768640986815739,0.3923572266371671
-1.0,-0.42977328460796493,-1.0,-1.0,-1.0,-1.0,3.349722765416843
-0.3178450783355792,-0.7738259712629356,0.8449023720006853,-0.37819155821957173,0.9163752371240484,0.9275484970792542,-0.317133301689851
0.8352697554708248,0.4268825579956091,0.24341316937223778,0.19402254105518968,-0.031705924814115605,-1.0,4.8925097373525475
0.911766025837435,-1.0,-0.6037458920399,0.18873778005847952,-0.145719204350486,0.6951348576259583,-0.03350320150785757
-1.0,0.856030136651925,0.23986822583396514,0.8930836602051145,1.0,0.3458778331450143,1.3250288586464474
1.0,0.49018184995176894,0.7916050347315238,1.0,-0.3108358295523028,-0.9268676421237806,5.620549419188034
-0.11859359080982856,-1.0,-1.0,-1.0,0.49892707492586097,0.7216693877530671,-5.159503184312847
0.23779274987608345,0.550707686610199,0.020948947766918247,0.04344074339719417,0.7483333135958823,-0.0772452438509072,-0.3867318074513694
0.13947383598123997,-0.3192209344566319,1.0,0.32963775525681505,0.33479153302820774,0.31722875494126535,-1.1607751940632662
-0.14371860704656492,-1.0,-0.17016298175247413,-0.07691114668014465,-0.43774650361292666,-1.0,3.402894019546991
-1.0,0.08666949518037026,-0.8695571638227472,-1.0,0.9710356219363816,0.11944129291828487,0.8175755132604989
0.09814242964316638,-1.0,-0.35431948189200313,-0.629933255537726,-0.45683087195108985,0.3210723291459008,-0.9613570752431978
-0.03730895552203961,-1.0,-0.04212552033547934,-0.771102405278385,-0.6280689670761553,1.0,2.4093073915311383
0.703868070946245,0.721239538294649,-0.32995849567643665,1.0,0.09692063224968,-0.862922361154599,3.6947058906021404
-0.03046647271031111,0.36322485620773864,0.44687247116102763,1.0,-0.09279468386563416,-1.0,2.886845673397706
-0.20993067050866143,-0.1577024157537471,0.03406121299766979,0.7901567801126985,-1.0,-1.0,3.0180825108795735
-0.7269517920067562,-1.0,-0.13747910984404507,-1.0,0.3388599647177939,1.0,-2.4421939337962035
0.146004381255457,1.0,-0.040668818186580635,0.976664255476077,1.0,0.27628367406967097,-0.05229945145127696
-1.0,1.0,-0.6031522456714564,-0.43986599872380644,-1.0,-0.6193560207509365,-0.8385964581331682
0.8484660332033849,0.9448376270725609,1.0,1.0,0.06183802864887522,1.0,-5.557028241618096
-1.0,-0.23202701408504198,-1.0,-0.7049573235911455,0.1588490913140317,1.0,5.701168335069316
0.6952806501661528,0.0849044579977426,1.0,-0.12529939454315514,-0.08543781025255548,-1.0,2.8610697490895913
-1.0,-1.0,-0.6606512972132224,-0.8176211132947684,0.5624729883096274,-0.4731645774984057,-2.692828699771597
0.34379760131269665,0.9340857121793236,0.9100201244132471,-0.30243009895917805,-0.579767317146965,-0.41314869117653896,-1.9199075570759727
0.9485681438978908,1.0,0.8960908040852795,1.0,-0.5476648631413192,-0.39966436504078107,3.1386097356278873
-1.0,-0.5125264101707876,-0.3423523502499526,-0.806666602819367,-0.33229493913338093,-0.7591060783682803,1.6043715634591296
0.9570827391068025,0.9910208245451672,0.3729911873324151,-0.0658576426533043,-1.0,-0.7255350633463635,3.864394987153716
-1.0,0.41646517597182087,-0.25083005571157535,1.0,-0.7959847441851285,-1.0,1.3391831139200434
-0.18851647325329984,0.5817571446077832,-0.40834156093608587,-0.5849980994870756,1.0,1.0,8.08853004906146
-1.0,-1.0,0.14083099591121356,-0.6996779033976088,-1.0,0.5439712704138098,-2.4641342148439076
1.0,0.031761052031049175,1.0,0.16991197524098656,-0.8548835386552434,-1.0,8.204042199553093
-0.5686012927119973,-0.31447047271052153,0.44248455050094654,-0.589770851039209,0.38085889236941045,0.5934838746534447,0.2306995015651629
0.5379390536189669,-0.801753815345317,0.36094796886060676,0.4772753711991729,0.2758418020343965,1.0,1.5846977796899782
-0.6853779917384077,-1.0,-0.573667750271881,-1.0,-0.5513165513352745,-0.9801699668141217,2.7839453285109226
-1.0,0.7476184427945005,-1.0,0.06099268505904387,-0.557069825082067,-0.3594617822398341,0.22615979912774745
0.6362164663698023,1.0,0.7043431445269042,-0.5646381123486406,-1.0,-0.243642941740271,0.694024579105269
1.0,0.8529273200039214,0.7120608335001815,0.4746101312959121,-0.4047997885730394,1.0,1.3252889028078598
1.0,0.08944388688397864,0.7209964816959522,0.0976737047276949,0.8277753686923695,-0.7413414830128926,-0.5860162882945428
0.5647900286683223,0.5590305934066644,-0.6003810140644192,-0.3815538434067789,-0.9669147548438377,-0.6375078870914258,1.310411489069036
-0.13661728743346474,0.6940821224086959,0.23015326018200474,-1.0,-0.5375224114773617,-0.20889076365295267,0.2755700769723952
-0.425830745252507,0.3385529338883098,-0.840672291756874,0.8402097093647231,-0.2599291596656593,-0.5294098452377227,0.6473629031108818
-0.2799178542154662,0.32567947926789453,0.2976339187082161,0.7473024240025617,1.0,-0.6862817973048028,1.894181590475335
-1.0,0.1172520335332931,-0.8438216527346877,-0.0070326727470870765,-0.306026041480655,-1.0,3.8217537271424775
0.23354492903585466,0.27250005683656653,0.05750305737939354,1.0,1.0,0.4103591509031078,-0.3073645838294252
0.08378328379484196,0.1933426845893342,0.6017456480126634,0.7283350875929572,-1.0,0.8978773268083133,0.387980607732184
1.0,0.31865340261045305,0.11036140132796629,0.9494050274647498,-0.44333482647506983,-0.8543654560167895,5.881092461277375
-0.2398988905295144,-1.0,-0.8517281864287957,1.0,-1.0,-0.06046279958160361,-2.8473752138019055
-0.08799944040994534,0.4814954863015701,0.7417337253600423,-0.0036616774851880862,-0.1294020675247119,-1.0,1.966512022832393
0.6377410470784959,-0.42496468563026435,-0.5596867807903495,0.020571374206884124,0.9109987450592755,1.0,1.5749560407332166
-0.3504730989160376,-1.0,-0.9405579610843643,-1.0,0.07893072717259786,0.6199533014643582,-3.5366626033620436
0.9969648858127896,0.8747927106863632,0.7137123000058809,1.0,-0.9808207380421323,-0.7485428463747132,7.835435913719973
-1.0,0.12010114567133073,-1.0,0.42714388105250395,0.2498348727549924,0.5549055886310417,2.6964359649223333
-0.2394487410516704,0.7502597208149335,-0.37772468693126493,-0.5231502617008946,1.0,0.8704648417377532,6.312033465790093
-0.4226075994801922,-0.8988974095451564,-1.0,-0.21039129377113475,0.3425504572922289,1.0,3.7224203937552134
-0.5295458970705873,0.01691137785329741,-1.0,-0.8566262143629421,-0.09513784787546026,-1.0,3.4185200169763443
-0.28180418123010653,0.5203554085491607,-0.3805702386358297,1.0,-0.5781888348539941,-0.7598515887353954,0.37067230180159527
-0.4214985272832382,-0.36859211286667026,-1.0,-0.5915091462597948,0.5002527470419216,0.814608599990591,4.265900341510785
-0.6126883319131484,-0.15451412003218312,-1.0,0.40365793603882033,0.25066766268701923,-1.0,4.762820720347798
-0.391824164343832,-0.2878831373548457,0.06557659490611445,0.1479609250356147,-0.02254003738270416,0.3707275400615414,-0.5666620254651575
-0.22539420002504196,-1.0,-0.5576983593979137,-0.02992702804572972,0.38431564425389375,-0.256370702170828,-0.8671480740843169
1.0,0.13894659972894585,1.0,1.0,-0.5451049330361031,-0.34716244745647984,3.119249701188419
0.3144002714169052,1.0,0.6396687285747658,1.0,-0.17198245482348984,0.3507588403572508,-1.8413427652157477
-0.3378604584543722,-1.0,-1.0,-1.0,-0.28281082110523825,-0.10379946437438337,-3.318663356750176
-0.3067104070957305,-0.33078696911018035,-0.1620491558537821,0.4307165334093148,0.16014492993373336,0.4899990472968319,1.2680022993342428
1.0,0.23707335754045955,0.1639669467489644,1.0,0.4037097931174254,0.8755890578321517,-0.6366241311156643
1.0,0.9889049635498677,0.2208582647784616,0.5891928941603259,-0.2400219389264602,-1.0,5.034021036445407
-0.8368061203659078,-0.5536026695966807,-0.8750387648324149,-1.0,-1.0,-1.0,2.9951976429530562
-1.0,-1.0,-1.0,-0.6126016635998719,0.4747220600954073,-0.8005189799506547,0.2743403647505586
1.0,0.5256858052343927,0.6004254407614134,0.8258771758271539,-0.8477619531755121,-0.7621191368934712,6.14652726684629
0.02097319017905519,-0.5850885573581701,-0.6527353096468002,0.12041469305433994,-0.8029065202413012,1.0,4.584561020638529
0.47801653739013894,-1.0,0.43648990915127567,-0.4063944378719531,1.0,1.0,-0.12726291635208872
0.6854856519518753,0.1780742374109998,0.3769394815655053,0.9963670890362819,-0.5164294026645266,0.6030340031552477,1.2935066476918848
0.048843378207602206,1.0,0.4448138000424,0.43981287438429656,-1.0,-0.4088184716399164,1.2860996483235807
-0.4620413720536405,-1.0,-0.6100769275786846,-0.9180374853615403,0.9968201389483168,-0.36869264352806924,0.584017730838194
0.9072179042336238,-0.5075447824008246,-0.36697040935815717,0.501240495471752,0.16597586035101675,0.8464513843796209,1.322351684712339
-0.020353593313650054,-1.0,-1.0,-0.11533579593411059,0.855474435388502,0.743123288152644,-0.5212430382023345
-0.2534059919728899,0.9222882460737192,-0.5728069446728603,-0.3715191370960541,-0.3396646940715542,1.0,7.609059721225134
0.7406693014045629,0.1687656235868964,1.0,-0.37930017660710247,0.13465516648196152,-0.6607756591223564,1.4617568005153767
0.47655961079276443,-0.11777798636084397,-0.47159905072553865,-0.3212245314158484,-0.01427197779530967,-0.763983305350153,2.0630629041264377
-0.07202112861258181,-1.0,-1.0,-1.0,0.4337654754333988,0.3878529832883852,-5.3535442230647545
-0.8894336510404541,-0.40697162487067406,-1.0,1.0,-1.0,-0.5212300893838279,-4.137611380286774
0.6871001048877851,0.34213127777783536,-0.17588486879498866,0.49727653819698203,0.18372232096264385,-0.391747522116494,1.0954704459386386
-1.0,-1.0,-0.7791264362448634,-1.0,1.0,1.0,-0.10886351421300124
-1.0,-0.15284176801648774,-1.0,-0.587749849834289,1.0,1.0,7.625376124388489
0.6975323162622827,0.6047250072770424,0.5613303169434537,-0.5185669231407841,-0.9171810867191268,-0.2786164738515553,1.7531063875320747
-0.8228049096143506,-0.08017207187821374,0.4793953982628912,-0.9634443414797861,-1.0,0.6535914506442599,-0.8594294672455257
-0.08509444404332389,0.1965473232638596,0.4888477583018123,-0.852201238698885,-0.8601573480978086,-0.7897398571029084,1.0502066717357115
-1.0,-0.7015754420317983,-1.0,-1.0,1.0,1.0,3.1063710367356085
1.0,0.09481824556133045,1.0,1.0,1.0,0.5900868885002253,-5.68111540133286
1.0,1.0,0.8950001748183705,0.6586529826342638,0.1935298913163293,-1.0,1.540474934755728
-0.11440186369954994,0.6666834431477866,0.1398917544650543,-0.6313798471356383,0.3598590351407236,-0.6620513497054912,0.7179014378321632
-0.620669669945339,0.11937256613148112,-0.9959597909615795,-1.0,1.0,1.0,9.260249699914477
0.16881141385709075,-0.0599040351697715,-0.25784930970480596,0.874771505318438,1.0,1.0,5.338723470437733
1.0,-0.10707581783900122,1.0,1.0,0.22414440524193296,0.5516335023331795,-3.003906660810581
1.0,0.8132470147982608,0.9896513418694559,-0.49548319201093693,0.7951197851627863,0.10584586513429678,-2.6107722377757225
-1.0,-1.0,-1.0,-0.7615388269969177,-0.08850262242837159,-1.0,3.2477837482418317
-1.0,-1.0,-1.0,-0.43281225412004043,-1.0,-1.0,1.7426896595304384
1.0,0.6557280875080382,0.18352332524704762,1.0,0.10990728262936322,-1.0,6.0029244481998765
-0.7008454436197742,0.3984867030183702,-1.0,1.0,0.18845848900781648,0.37024679324981796,0.7806738557587727
-0.9640583151181252,-0.9882319511223594,-1.0,-0.3786060229321542,-1.0,-0.7316993364884765,-1.3524761924318978
-1.0,-0.6335227712024056,-1.0,-0.226275448645336,0.5452475258236906,-0.9183995329575437,4.529005927622409
0.4756805439140658,-1.0,-0.4262836481388606,-0.6970127394803354,-1.0,-0.8125223322188944,5.574228361564228
-0.5220540594317543,-1.0,-1.0,-0.33407709571161726,1.0,1.0,3.3118954533712173
-0.1232397103911651,-0.15902351758872824,0.9343272570783521,0.7196660327722879,1.0,0.07937185330611674,-0.5206732423710689
-0.9351996487890464,-1.0,0.25739772361630453,-1.0,-1.0,0.6099996196195636,1.0037786551484142
-0.835297447762402,-1.0,-1.0,-0.2939586720575851,-1.0,-0.3474385013300013,-3.7784340923935913
-1.0,0.05806169143952544,-0.9182873458427399,0.01380112025753417,0.4662918158099417,-0.8380196807729583,4.261134435850126
0.7461062201420975,0.8682531643057266,1.0,0.8586180340720964,-0.7578045174049727,-1.0,4.367243871737689
-0.4095232153876889,-1.0,-1.0,0.4135383801211704,-1.0,-1.0,-1.1395766177011921
1.0,0.5212828299422424,1.0,-0.9148506058186481,1.0,1.0,-2.0318017079045827
-1.0,-0.5109057483608545,-0.8701017633048246,-1.0,-0.6755961838258124,-0.5612624011878602,-0.8568985617691813
0.6015238902835591,0.7515766472215648,0.9189562229826442,0.8321470839473147,0.14566301193422077,1.0,-2.999255631439725
0.2846148624182814,-0.12331977600333166,0.27601242952296146,0.9313864967008666,-0.685411087492852,0.20712818062412866,0.8404538202453277
-1.0,0.5581148637234056,-0.22428151710259953,1.0,0.5132577721089954,-0.1648615503233527,0.7524179913409264
1.0,0.11981854083369131,0.847076600735003,0.6406938366916948,0.46261615544198653,-0.22615037545520655,-1.4631579347464796
0.9077947491314191,0.9833856218734578,0.45984751337932644,-0.18514346492721576,-1.0,-0.9851872131147806,4.385889050554876
-1.0,-0.3392322354014137,0.22104406925725317,-0.8144569129725561,-1.0,-0.39138983866323107,-0.4277458280227287
-0.6506535053209355,-0.2918818134735217,0.33708448293767634,-0.38566761596896126,-0.4638920778366411,-0.5441678272537744,0.22885173238606948
-1.0,-1.0,-0.05213853301414062,-1.0,-0.9091922845904221,-1.0,5.557380248020971
1.0,1.0,0.9570760856700833,0.870573041143422,1.0,-0.16157890267074948,-6.80056299449352
-1.0,-1.0,-1.0,-0.678110554034192,-0.8326173566880308,-1.0,2.778874399674941
0.375989219753753,1.0,-0.426202711760829,0.7436481945835253,1.0,0.6658350849189252,2.5215307070137705
-0.502815405913862,-0.5692822139871612,-0.290615949273481,-1.0,-1.0,-1.0,3.8174816502062767
0.9485552666680799,1.0,-0.6279234666819107,-0.22475587334208047,0.6025053828171969,0.8653543189853965,2.4397280500746863
-1.0,-0.8827168741068285,-1.0,-1.0,-0.9876350808776363,-0.33165057087576655,-1.3555592731757022
1.0,0.6249060320899813,1.0,1.0,-1.0,-0.6634506858525152,7.191107498215064
-1.0,-0.4930559008555726,-1.0,-1.0,1.0,1.0,5.040025332923078
-0.35488037103796877,0.46177207105559437,-0.28305439445449165,0.7787815955421475,0.2597810341472333,1.0,2.5924777178599783
1.0,0.2585198407564002,1.0,0.6583509371741246,-1.0,-0.3263069929730339,5.274307119119033
-0.40836741959265266,0.2712733612653162,-0.12674876359518472,1.0,-0.7639006589870803,0.8141392313417526,0.15332055771360442
-0.9735195094257287,-0.03118389572625091,-0.07504240878017421,-1.0,1.0,-0.4566750943672384,5.839858910492737
-0.9716926201712783,-0.6680391661804778,-1.0,-0.805717746014017,0.5806717270421089,0.6551789378412218,-0.5811606937797298
-0.17724384993207526,0.5005714568099424,-1.0,0.13208390312436458,0.8757598088578342,-0.0704582286287202,0.07495256670940104
-0.55245245122783,0.3231945761768105,0.08153404887705734,0.4891290575650378,-1.0,0.5294129472359584,-1.0854863741033862
-1.0,-0.20871856281344647,1.0,0.2595280665768063,0.2573647808624531,-0.17831174974291386,0.22286055978309247
1.0,-0.09210834451950983,0.8025998547557636,0.5210657707576017,1.0,1.0,-3.206290115791071
-1.0,0.8127160385480902,0.7906471706153043,-1.0,-0.7230148416619412,0.7681732383388642,-1.7573736382326635
-0.7482535452837287,-1.0,-1.0,-1.0,-1.0,-1.0,4.58706433106547
-0.15687552622370848,0.5907632738385112,-0.7293040148635465,1.0,1.0,0.32059550939207493,0.726064654729683
-0.4165921640924131,-0.5656412577857561,1.0,-0.3775707546431205,0.9082635080531946,1.0,-1.724081260716424
0.7360921794485505,-0.042498644210653636,-0.9983262120018337,-1.0,0.6481684181064324,-0.34163659129200985,-2.622545926039048
-1.0,-0.47359705956828135,-0.9670369503823351,-1.0,-1.0,-1.0,3.3774079298367368
0.8221341562071018,-0.3829878257429259,-0.7154180872136101,-0.17445977762870613,-0.41154119289863,-0.1743838081287172,2.2260471088279137
1.0,0.26568354360319413,0.6397884510327427,0.08867357559307276,-0.8738582547397558,-0.1573881021241217,2.931571492253714
1.0,1.0,-0.22049706302745478,1.0,0.28790126074340616,0.3978050413262868,1.2477598128779448
0.4677157714072322,1.0,1.0,0.7231308579726687,0.14345595150305473,0.12010870432478266,-3.9112925848674727
0.6049568450036452,0.8906152496083944,-0.27461531877445067,-0.38829961147362035,-1.0,-0.44471277611260984,2.6626560686841425
-0.7391693562599198,-1.0,-0.9182681738941145,-1.0,0.9516112269717888,1.0,-0.8022214034331425
-0.09849231386376145,-0.4567569572870803,-0.34749393466771217,-0.4198993826642337,0.8362572803693387,1.0,3.4716302976483133
1.0,1.0,0.470355017433677,1.0,0.7690926674782776,-0.3199541919030855,-2.4154942979605476
0.7938916876492473,-0.3603279864005283,0.8243153953678892,0.9140665976171815,0.6395681068229472,0.7217961139092359,-2.7688933147401555
-0.15754983409009393,-0.06273392218333773,1.0,-0.4697070025274056,0.8830791087809644,-0.7781213304313721,0.6172433894537703
-0.043487053271737186,-0.10496811560977637,-1.0,0.24372443394745735,-0.826473381427905,-0.43470865383414015,-0.8383123079109198
0.7865289705648368,1.0,1.0,-0.1307892191101565,-1.0,0.06966392783960096,-0.12594329285764413
-0.6279947098391376,-1.0,-0.1387745740093036,-1.0,-0.5298245685652405,-0.4842234023906906,2.2832754131947857
-0.9359176017232906,0.21098945194901786,0.7524213723115226,-1.0,0.6042646518341286,1.0,0.9755655543471317
0.0821690920788497,0.1037350359597905,-1.0,-0.4821207544827909,-0.9479132109457876,0.08046921836679483,-0.41448968273749803
0.4213334574595133,-0.3002433070732615,-0.5562899496586583,-0.4193607548489566,1.0,-0.5398332336284106,-0.39279625140425833
-0.23550801966225188,-0.19896999064966314,-1.0,0.23595682404872248,0.4673427161948133,-0.0802620429904034,-0.3541711588301603
-0.8083878740973581,-0.11693775861725886,0.18175480356057538,-0.5635229438815128,-0.634275500026652,-0.08471267558750414,-1.3812769075698386
0.9799781777207677,1.0,1.0,1.0,0.6784194045987717,1.0,-9.208268567116766
-0.6968458243464868,-1.0,0.7895819542829168,-0.1176758245194009,1.0,1.0,2.8381536337012547
-1.0,-1.0,-0.9813737399578271,-0.4980928187548772,-0.05394262215423273,-1.0,2.7260984977151237
-0.20733775241591224,-1.0,-0.2935909192348204,0.48996296776448045,-0.0883585516468613,-0.3321055509379549,-1.0169892954806974
0.04220842129758445,0.6179548949204978,-1.0,-0.4423591422067088,-1.0,-0.49472009055650923,-0.7285612949662181
-1.0,-0.3525831751148411,0.1728664038025981,-0.025884601300142474,0.33198881868680474,0.14350581658035808,0.2751939795618983
-0.8090462577553772,-0.7484608982956666,-0.2605149173765142,-1.0,-0.8861182018970811,0.8930233670866492,0.3982379515519616
0.4136479992452283,-1.0,0.37976026480179953,0.8588782917733324,1.0,0.49400642158243047,-0.7352303740986194
1.0,0.6061011940057511,1.0,0.6322216595081851,-0.29840939633189417,0.4484083021110391,0.234135922957732
0.10360286851566014,-0.43487040623669226,-0.21241419482768065,1.0,-0.4567814243693215,0.14218727995304214,0.6911046749730523
-1.0,-1.0,-0.230805462797105,-1.0,1.0,0.18865510418102582,1.0712425945550694
-1.0,-1.0,-0.14047633580991348,-1.0,0.26948093741304624,0.6017436291830158,-2.682289812489679
0.24532344278963347,-1.0,-1.0,-0.5275614491949588,-0.25859087964980887,0.10966448416775376,-1.360045913469405
0.6073326062470616,1.0,0.12313819753070931,-0.1046105317075956,0.04058003796458559,-0.452639548937371,-0.3536313079255998
-1.0,0.3211585322068965,-0.6771830806048458,-0.6092255865102764,-0.7099279326869039,-0.6997940603330666,-1.8766667605474288
-1.0,-1.0,1.0,-0.42901199989458516,1.0,1.0,-0.6895008207686713
0.3452553999678262,0.11476123518443122,0.13481605027794807,0.039096452537014686,0.6024488155481764,0.9015737694875149,1.880677348446462
0.5805427334128261,1.0,1.0,1.0,0.21992706866468326,0.15065754117721708,-4.265028510303975
0.21722593089134135,-1.0,-0.5862110004240464,0.15481724082463666,-0.8175061578000193,-0.19884697838906085,0.30467017402432156
-0.09558376871580793,0.186976713625155,-0.27335518456623026,0.13721945179727757,0.569554693222913,-0.856041236950809,0.9043366274442888
0.07561374509707741,0.7594194373458307,-0.906022286008414,-0.892425950165477,0.9114979773384384,0.7437551374184668,6.013211327253581
0.8588035314270024,0.030856514232814214,0.24437949894184727,0.2674592502346737,0.9276971814800659,1.0,1.077024991126022
1.0,0.8676341008819641,0.09256548156267119,1.0,-0.2788740344116942,0.15685090394036508,1.856042258944633
0.27733539973718074,0.25114271879955813,0.9608673003334188,0.952033036098876,-1.0,0.37892690251905503,-1.6459123695882698
1.0,0.15068018709035602,0.6377075395684643,1.0,0.9112922749319177,-0.44314991766478695,-1.529809569986281
-0.553874849873882,-0.7916842986440642,1.0,-0.7590057524833097,0.876801253199228,0.886176300038569,-2.534908100087008
0.47977601645422974,0.7971107709666583,1.0,0.17273993824082945,-1.0,-0.8894957105719085,0.8370550002518918
-1.0,0.14791917058787665,0.7894111227524023,-1.0,0.5911983035655546,1.0,-0.3293049377908255
-0.2274587756173,-0.14455137884534164,-0.6108220225783506,-0.42778229432956827,1.0,1.0,6.651880976523612
0.8394424471495245,0.013623202759991848,0.9264157898441714,0.7859709919496205,0.5967209889918361,1.0,-3.920031536476154
-0.08914267831718065,-0.6929312569785725,-0.18896589264413088,0.6722028620007523,-0.9138806767236033,-0.0962259743477909,0.7465384638046776
-1.0,-0.4822497644355774,0.08407610302392785,0.7624949001871353,-1.0,0.8763792684344132,-1.448289776604979
-0.32720693132655515,1.0,-0.36838308860627056,0.5164604545923273,0.7867230503295006,-0.45306970615229947,2.201060281180088
1.0,0.5065938944541195,0.2148917285082498,-0.05168256022533503,1.0,1.0,0.13670115750824674
0.176526332546967,-1.0,-0.6834664834069278,-0.09196604671023456,0.17057989227000647,0.27686121979528633,-1.4543921806691975
0.28686563425501377,0.31070081925381887,0.949989507845128,-0.4420232823821261,0.22202813053436893,0.7503550061924994,-1.1606231397660576
0.7977285077340683,1.0,0.8930831228609638,-0.24481859077365098,0.0889817461402318,-0.21014229898964576,-2.0178733205117743
-1.0,-1.0,-0.9699087310694925,-1.0,-1.0,-0.9736425319601302,4.025093487727733
0.32272006769631134,-0.36587414067944496,1.0,1.0,1.0,1.0,-0.949778574580088
1.0,0.15724747724370913,1.0,0.7026023664806718,-0.2066567986171055,0.14348945508976785,1.0455283822343127
-0.7826330938555008,-0.5748112861652295,-1.0,-0.9096416410728667,1.0,0.5494517362406863,0.19271853192779398
-0.26652553059095385,-0.818427015392845,0.060332545685897576,-0.4225031658789422,-0.9851052752120154,0.25726343343221236,-0.18385502074314974
-0.6637329811766928,-0.3652010006386339,-1.0,0.002352025704431493,-0.10655825874253122,-0.222640820535564,-0.48251004356883465
0.13996219689069367,1.0,0.6700179975964303,1.0,0.8446049095746255,0.32062019435496136,-4.450671658834341
-0.5888247313334766,0.6886655205535722,-0.8147274004660501,-0.10216908803425795,0.012003123913027047,-1.0,4.182184818793357
-0.7912180761818683,-0.8185640594635166,-1.0,-0.2798464274366379,-0.15743966725593828,-1.0,4.356046066583305
1.0,1.0,0.2827532216941395,1.0,0.5957048367821081,-0.7668524116959156,0.9289202198250878
0.28965047929942356,-0.7038111571310297,-0.6556432054099482,0.5944655609000723,-1.0,-1.0,3.321883505082727
-0.9320375117531816,0.32529892390449044,0.518101165115232,-0.5338764729394121,0.6521691094522,0.3678642305479578,0.6845540823052871
-0.6468681018791371,-0.283818622204205,0.09746139967625544,-1.0,-0.4324562805738883,-0.23170680207186667,-0.17201802172137842
1.0,0.5664119381139207,1.0,0.6331495701726187,0.985502711230992,0.498482612144283,-6.188946068889157
-1.0,-0.9643023794250218,-0.19193674509334246,-0.4928218898302448,0.9733185430591125,0.04319270326820163,2.0271367455238583
-1.0,-0.8473172663104509,-1.0,-1.0,0.6931613520899973,0.9991271823750976,1.2329525405628197
-0.7547784031955719,-1.0,-1.0,-0.4731164054559899,0.7028618146903655,-0.9158511925970028,2.648604101525729
-0.6820092050204842,-1.0,0.09000196568600649,-0.9426089748532749,0.1933135353372612,0.083348251782364,-1.4730515191387772
0.2347254273434496,1.0,0.788748107170216,0.2847895731955481,-0.19589635746649814,0.30687560383014406,-2.262285472262337
-0.9893472982077192,-0.12782443100484087,-0.15537519882400974,-1.0,0.42103544048746433,1.0,1.9821712212113665
0.3065625486433343,1.0,1.0,0.8079823690684542,1.0,1.0,-4.354382365430188
-0.5631089214770888,0.6823452625595501,-0.9247485500287755,-1.0,-1.0,-0.727456469071863,-0.715069992106016
0.8968113221633152,1.0,0.2357556970743857,1.0,0.08068948275978527,0.7066261992031644,0.4616747948945629
-0.7343321711344332,-1.0,0.13857915381867164,-0.6313113018455694,-1.0,0.8391474351122772,0.01216902161181484
-0.6631673600452053,-0.3419636648662465,-0.31824078391871424,0.3212404470934118,-1.0,-0.5304836000310582,-1.8035631304629607
0.7716000775824785,-0.25608858158007086,0.3453229105911803,-0.43689239485028963,-0.5839844440140924,0.11665869596685075,1.1990400400988033
-0.03634849297671591,-0.07812418089155632,-0.37251793577870473,-0.4589567354852333,-1.0,-1.0,1.3899622502189826
1.0,0.12382012549345345,-0.13532816935295028,0.5011435739732348,1.0,-0.5503910558757135,-1.598712883000657
0.375424282043771,0.09100417487290619,-0.15164415029252298,-0.19596014094413602,0.5575927293855842,1.0,2.840986653627536
0.039368112582515935,-0.20391570147102422,-0.4372151327700444,-0.3758065890777318,-1.0,0.015627661385267833,0.6836407705824257
1.0,0.6329734994136809,0.47669243073719825,0.012305645157010936,0.14280287131793612,0.5306560109275151,-0.5087589106155365
0.8747860867585548,0.2457253674592672,1.0,0.19766641059333212,-0.6506144489828329,0.8227530751458406,1.2564025057208044
0.7102915359826528,-0.024870083602386184,0.38193441065237993,-0.14469708746841248,-0.2520009368928208,0.8419975956319399,1.9431031880337177
1.0,0.5366503075812321,1.0,1.0,-0.6603668737022745,-0.07395992363489282,2.925224319998174
-0.3635518659787764,-1.0,0.22608625716990238,-0.670437427197208,-1.0,-0.3483801863368714,3.5371652229322907
0.10531837156769885,0.8591328009248387,-0.29966342331141005,0.9507333680935595,-0.845285197787188,-1.0,3.995866362316961
